<level>
<walls>
<wall row="11" col="5" xLength="9" yLength="1" zLength="1" centerX="9.5" centerY="0" centerZ="11.5" texture="Hedge"/>
<wall row="12" col="5" xLength="1" yLength="1" zLength="3" centerX="5.5" centerY="0" centerZ="13.5" texture="Hedge"/>
<wall row="12" col="13" xLength="1" yLength="1" zLength="9" centerX="13.5" centerY="0" centerZ="16.5" texture="Hedge"/>
<wall row="18" col="5" xLength="1" yLength="1" zLength="3" centerX="5.5" centerY="0" centerZ="19.5" texture="Hedge"/>
<wall row="21" col="5" xLength="4" yLength="1" zLength="1" centerX="7" centerY="0" centerZ="21.5" texture="Hedge"/>
<wall row="21" col="12" xLength="2" yLength="1" zLength="1" centerX="13" centerY="0" centerZ="21.5" texture="Hedge"/>
</walls>
<floors>
<floor row="12" col="6" xLength="7" zLength="3" centerX="9.5" centerY="0" centerZ="13.5" texture="Floor"/>
<floor row="15" col="5" xLength="8" zLength="2" centerX="9" centerY="0" centerZ="16" texture="Floor"/>
<floor row="17" col="5" xLength="1" zLength="1" centerX="5.5" centerY="0" centerZ="17.5" texture="Floor"/>
<floor row="17" col="6" xLength="1" zLength="1" centerX="6.5" centerY="0" centerZ="17.5" texture="Hedge"/>
<floor row="17" col="7" xLength="6" zLength="1" centerX="10" centerY="0" centerZ="17.5" texture="Floor"/>
<floor row="18" col="6" xLength="7" zLength="3" centerX="9.5" centerY="0" centerZ="19.5" texture="Floor"/>
<floor row="21" col="9" xLength="3" zLength="1" centerX="10.5" centerY="0" centerZ="21.5" texture="Floor"/>
</floors>
<spawns>
<spawn row="13" col="9" xLength="1" zLength="1" centerX="9.5" centerY="0" centerZ="13.5" dir="up"/>
</spawns>
<exits>
<exit row="15" col="5" xLength="1" zLength="3" centerX="5.5" centerY="0" centerZ="16.5" file="level5.xml"/>
<exit row="21" col="9" xLength="3" zLength="1" centerX="10.5" centerY="0" centerZ="21.5" file="level2.xml"/>
</exits>
<cubes>
<cube row="20" col="8" xLength="1" yLength="1" zLength="1" centerX="8.5" centerY="0" centerZ="20.5" translateX="-49" translateY="-9" translateZ="-49" texture="Rock"/>
</cubes>
<crests>
</crests>
</level>
