<level>
<walls>
</walls>
<floors>
<floor row="15" col="7" xLength="9" zLength="3" centerX="11.5" centerY="0" centerZ="16.5" texture="Floor"/>
<floor row="18" col="4" xLength="6" zLength="3" centerX="7" centerY="0" centerZ="19.5" texture="Floor"/>
<floor row="18" col="13" xLength="3" zLength="1" centerX="14.5" centerY="0" centerZ="18.5" texture="Floor"/>
<floor row="21" col="4" xLength="3" zLength="4" centerX="5.5" centerY="0" centerZ="23" texture="Floor"/>
</floors>
<spawns>
</spawns>
<exits>
<exit row="18" col="13" xLength="3" zLength="1" centerX="14.5" centerY="0" centerZ="18.5" file="level34.xml"/>
<exit row="24" col="4" xLength="3" zLength="1" centerX="5.5" centerY="0" centerZ="24.5" file="level32.xml"/>
</exits>
<cubes>
</cubes>
<crests>
</crests>
</level>