<level>
<walls>
<wall row="9" col="7" xLength="9" yLength="6" zLength="1" centerX="11.5" centerY="0" centerZ="9.5" texture="Hedge"/>
<wall row="10" col="7" xLength="2" yLength="6" zLength="2" centerX="8" centerY="0" centerZ="11" texture="Hedge"/>
<wall row="10" col="14" xLength="2" yLength="6" zLength="2" centerX="15" centerY="0" centerZ="11" texture="Hedge"/>
<wall row="12" col="7" xLength="1" yLength="6" zLength="2" centerX="7.5" centerY="0" centerZ="13" texture="Hedge"/>
<wall row="12" col="15" xLength="1" yLength="6" zLength="2" centerX="15.5" centerY="0" centerZ="13" texture="Hedge"/>
<wall row="14" col="3" xLength="5" yLength="6" zLength="1" centerX="5.5" centerY="0" centerZ="14.5" texture="Hedge"/>
<wall row="14" col="10" xLength="3" yLength="8" zLength="2" centerX="11.5" centerY="0" centerZ="15" texture="Hedge"/>
<wall row="14" col="15" xLength="1" yLength="6" zLength="8" centerX="15.5" centerY="0" centerZ="18" texture="Hedge"/>
<wall row="15" col="2" xLength="1" yLength="6" zLength="1" centerX="2.5" centerY="0" centerZ="15.5" texture="Hedge"/>
<wall row="15" col="7" xLength="1" yLength="6" zLength="3" centerX="7.5" centerY="0" centerZ="16.5" texture="Hedge"/>
<wall row="16" col="0" xLength="3" yLength="6" zLength="1" centerX="1.5" centerY="0" centerZ="16.5" texture="Hedge"/>
<wall row="20" col="0" xLength="3" yLength="6" zLength="1" centerX="1.5" centerY="0" centerZ="20.5" texture="Hedge"/>
<wall row="21" col="2" xLength="1" yLength="6" zLength="1" centerX="2.5" centerY="0" centerZ="21.5" texture="Hedge"/>
<wall row="22" col="3" xLength="13" yLength="6" zLength="1" centerX="9.5" centerY="0" centerZ="22.5" texture="Hedge"/>
</walls>
<floors>
<floor row="10" col="9" xLength="5" zLength="2" centerX="11.5" centerY="0" centerZ="11" texture="Floor"/>
<floor row="12" col="8" xLength="7" zLength="2" centerX="11.5" centerY="0" centerZ="13" texture="Floor"/>
<floor row="14" col="8" xLength="2" zLength="2" centerX="9" centerY="0" centerZ="15" texture="Floor"/>
<floor row="14" col="13" xLength="2" zLength="2" centerX="14" centerY="0" centerZ="15" texture="Floor"/>
<floor row="15" col="3" xLength="4" zLength="2" centerX="5" centerY="0" centerZ="16" texture="Floor"/>
<floor row="16" col="8" xLength="7" zLength="1" centerX="11.5" centerY="0" centerZ="16.5" texture="Floor"/>
<floor row="17" col="0" xLength="7" zLength="1" centerX="3.5" centerY="0" centerZ="17.5" texture="Floor"/>
<floor row="17" col="8" xLength="7" zLength="1" centerX="11.5" centerY="0" centerZ="17.5" texture="Floor"/>
<floor row="17" col="16" xLength="1" zLength="3" centerX="16.5" centerY="0" centerZ="18.5" texture="Floor"/>
<floor row="18" col="0" xLength="15" zLength="2" centerX="7.5" centerY="0" centerZ="19" texture="Floor"/>
<floor row="20" col="3" xLength="12" zLength="2" centerX="9" centerY="0" centerZ="21" texture="Floor"/>
</floors>
<spawns>
<spawn row="17" col="2" xLength="1" zLength="3" centerX="2.5" centerY="0" centerZ="18.5" dir="right"/>
</spawns>
<exits>
<exit row="17" col="0" xLength="1" zLength="3" centerX="0.5" centerY="0" centerZ="18.5" file="level7.xml"/>
<exit row="17" col="16" xLength="1" zLength="3" centerX="16.5" centerY="0" centerZ="18.5" file="level9.xml"/>
</exits>
<cubes>
</cubes>
<crests>
<crest row="16" col="11" xLength="1" yLength="2" zLength="1" centerX="11.5" centerY="0" centerZ="16.5" effect="5" target="" dir="up" placement=""/>
</crests>
</level>