<level>
<walls>
</walls>
<floors>
<floor row="13" col="18" xLength="3" zLength="1" centerX="19.5" centerY="0" centerZ="13.5" texture="Floor"/>
<floor row="14" col="15" xLength="6" zLength="3" centerX="18" centerY="0" centerZ="15.5" texture="Floor"/>
<floor row="17" col="15" xLength="3" zLength="3" centerX="16.5" centerY="0" centerZ="18.5" texture="Floor"/>
<floor row="20" col="15" xLength="10" zLength="3" centerX="20" centerY="0" centerZ="21.5" texture="Floor"/>
</floors>
<spawns>
</spawns>
<exits>
<exit row="13" col="18" xLength="3" zLength="1" centerX="19.5" centerY="0" centerZ="13.5" file="level33.xml"/>
<exit row="20" col="24" xLength="1" zLength="3" centerX="24.5" centerY="0" centerZ="21.5" file="level31.xml"/>
</exits>
<cubes>
</cubes>
<crests>
</crests>
</level>