<level>
<walls>
</walls>
<floors>
<floor row="14" col="21" xLength="4" zLength="3" centerX="23" centerY="0" centerZ="15.5" texture="Floor"/>
<floor row="17" col="21" xLength="3" zLength="3" centerX="22.5" centerY="0" centerZ="18.5" texture="Floor"/>
<floor row="20" col="20" xLength="4" zLength="3" centerX="22" centerY="0" centerZ="21.5" texture="Floor"/>
</floors>
<spawns>
</spawns>
<exits>
<exit row="14" col="24" xLength="1" zLength="3" centerX="24.5" centerY="0" centerZ="15.5" file="level30.xml"/>
<exit row="20" col="20" xLength="1" zLength="3" centerX="20.5" centerY="0" centerZ="21.5" file="level32.xml"/>
</exits>
<cubes>
</cubes>
<crests>
</crests>
</level>