<level>
<walls>
</walls>
<floors>
<floor row="11" col="18" xLength="7" zLength="3" centerX="21.5" centerY="0" centerZ="12.5" texture="Hedge"/>
<floor row="14" col="17" xLength="4" zLength="2" centerX="19" centerY="0" centerZ="15" texture="Hedge"/>
<floor row="16" col="17" xLength="1" zLength="1" centerX="17.5" centerY="0" centerZ="16.5" texture="Floor"/>
<floor row="16" col="18" xLength="3" zLength="1" centerX="19.5" centerY="0" centerZ="16.5" texture="Hedge"/>
</floors>
<spawns>
</spawns>
<exits>
<exit row="11" col="24" xLength="1" zLength="3" centerX="24.5" centerY="0" centerZ="12.5" file="level1.xml"/>
</exits>
<cubes>
</cubes>
<crests>
</crests>
</level>