<level>
<walls>
<wall row="1" col="0" xLength="11" yLength="5" zLength="1" centerX="5.5" centerY="0" centerZ="1.5" texture="Hedge"/>
<wall row="2" col="10" xLength="1" yLength="5" zLength="3" centerX="10.5" centerY="0" centerZ="3.5" texture="Hedge"/>
<wall row="5" col="0" xLength="5" yLength="5" zLength="1" centerX="2.5" centerY="0" centerZ="5.5" texture="Hedge"/>
<wall row="5" col="10" xLength="1" yLength="5" zLength="1" centerX="10.5" centerY="0" centerZ="5.5" texture="Hedge"/>
<wall row="6" col="4" xLength="1" yLength="5" zLength="1" centerX="4.5" centerY="0" centerZ="6.5" texture="Hedge"/>
<wall row="6" col="5" xLength="5" yLength="1" zLength="2" centerX="7.5" centerY="0" centerZ="7" texture="Tiles"/>
<wall row="6" col="10" xLength="1" yLength="5" zLength="1" centerX="10.5" centerY="0" centerZ="6.5" texture="Hedge"/>
<wall row="7" col="4" xLength="1" yLength="8" zLength="3" centerX="4.5" centerY="0" centerZ="8.5" texture="Hedge"/>
<wall row="7" col="10" xLength="1" yLength="8" zLength="3" centerX="10.5" centerY="0" centerZ="8.5" texture="Hedge"/>
<wall row="8" col="5" xLength="5" yLength="2" zLength="2" centerX="7.5" centerY="0" centerZ="9" texture="Tiles"/>
<wall row="10" col="3" xLength="2" yLength="8" zLength="1" centerX="4" centerY="0" centerZ="10.5" texture="Hedge"/>
<wall row="10" col="5" xLength="5" yLength="3" zLength="2" centerX="7.5" centerY="0" centerZ="11" texture="Tiles"/>
<wall row="10" col="10" xLength="2" yLength="8" zLength="1" centerX="11" centerY="0" centerZ="10.5" texture="Hedge"/>
<wall row="11" col="3" xLength="1" yLength="8" zLength="3" centerX="3.5" centerY="0" centerZ="12.5" texture="Hedge"/>
<wall row="11" col="4" xLength="1" yLength="4" zLength="1" centerX="4.5" centerY="0" centerZ="11.5" texture="Tiles"/>
<wall row="11" col="10" xLength="1" yLength="4" zLength="1" centerX="10.5" centerY="0" centerZ="11.5" texture="Tiles"/>
<wall row="11" col="11" xLength="1" yLength="8" zLength="2" centerX="11.5" centerY="0" centerZ="12" texture="Hedge"/>
<wall row="12" col="4" xLength="7" yLength="4" zLength="1" centerX="7.5" centerY="0" centerZ="12.5" texture="Tiles"/>
<wall row="13" col="1" xLength="1" yLength="8" zLength="1" centerX="1.5" centerY="0" centerZ="13.5" texture="Hedge"/>
<wall row="13" col="2" xLength="1" yLength="8" zLength="1" centerX="2.5" centerY="0" centerZ="13.5" texture="Hedge"/>
<wall row="13" col="4" xLength="7" yLength="4" zLength="1" centerX="7.5" centerY="0" centerZ="13.5" texture="Tiles"/>
<wall row="13" col="11" xLength="3" yLength="8" zLength="1" centerX="12.5" centerY="0" centerZ="13.5" texture="Hedge"/>
<wall row="14" col="1" xLength="1" yLength="8" zLength="5" centerX="1.5" centerY="0" centerZ="16.5" texture="Hedge"/>
<wall row="14" col="5" xLength="5" yLength="7" zLength="1" centerX="7.5" centerY="0" centerZ="14.5" texture="Rock"/>
<wall row="14" col="13" xLength="1" yLength="8" zLength="5" centerX="13.5" centerY="0" centerZ="16.5" texture="Hedge"/>
<wall row="19" col="1" xLength="13" yLength="8" zLength="1" centerX="7.5" centerY="0" centerZ="19.5" texture="Hedge"/>
</walls>
<floors>
<floor row="2" col="0" xLength="10" zLength="3" centerX="5" centerY="0" centerZ="3.5" texture="Floor"/>
<floor row="5" col="5" xLength="5" zLength="1" centerX="7.5" centerY="0" centerZ="5.5" texture="Floor"/>
<floor row="14" col="2" xLength="3" zLength="1" centerX="3.5" centerY="0" centerZ="14.5" texture="Floor"/>
<floor row="14" col="10" xLength="3" zLength="1" centerX="11.5" centerY="0" centerZ="14.5" texture="Floor"/>
<floor row="14" col="14" xLength="1" zLength="3" centerX="14.5" centerY="0" centerZ="15.5" texture="Floor"/>
<floor row="15" col="2" xLength="11" zLength="4" centerX="7.5" centerY="0" centerZ="17" texture="Floor"/>
</floors>
<spawns>
<spawn row="3" col="2" xLength="1" zLength="1" centerX="2.5" centerY="0" centerZ="3.5" dir="right"/>
</spawns>
<exits>
<exit row="2" col="0" xLength="1" zLength="3" centerX="0.5" centerY="0" centerZ="3.5" file="level12.xml"/>
<exit row="14" col="14" xLength="1" zLength="3" centerX="14.5" centerY="0" centerZ="15.5" file="level14.xml"/>
</exits>
<cubes>
</cubes>
<crests>
<crest row="15" col="7" xLength="1" yLength="1" zLength="1" centerX="7.5" centerY="0" centerZ="15.5" effect="5" target="" dir="up" placement=""/>
</crests>
</level>