<level>
<walls>
</walls>
<floors>
<floor row="10" col="13" xLength="3" zLength="4" centerX="14.5" centerY="6" centerZ="12" texture="Hedge"/>
<floor row="14" col="13" xLength="3" zLength="6" centerX="14.5" centerY="6" centerZ="17" texture="Floor"/>
</floors>
<spawns>
</spawns>
<exits>
<exit row="10" col="13" xLength="3" zLength="1" centerX="14.5" centerY="6" centerZ="10.5" file="level34.xml"/>
</exits>
<cubes>
<cube row="14" col="13" xLength="3" yLength="2" zLength="2" centerX="14.5" centerY="6" centerZ="15" translateX="-49" translateY="-9" translateZ="-49" texture="Floor"/>
<cube row="16" col="13" xLength="3" yLength="3" zLength="2" centerX="14.5" centerY="6" centerZ="17" translateX="-49" translateY="-9" translateZ="-49" texture="Floor"/>
<cube row="18" col="13" xLength="1" yLength="7" zLength="1" centerX="13.5" centerY="6" centerZ="18.5" translateX="-49" translateY="-9" translateZ="-49" texture="Rock"/>
<cube row="18" col="14" xLength="1" yLength="3" zLength="1" centerX="14.5" centerY="6" centerZ="18.5" translateX="-49" translateY="-9" translateZ="-49" texture="Slate"/>
<cube row="18" col="15" xLength="1" yLength="7" zLength="1" centerX="15.5" centerY="6" centerZ="18.5" translateX="-49" translateY="-9" translateZ="-49" texture="Rock"/>
<cube row="19" col="13" xLength="3" yLength="7" zLength="1" centerX="14.5" centerY="6" centerZ="19.5" translateX="-49" translateY="-9" translateZ="-49" texture="Rock"/>
</cubes>
<crests>
</crests>
</level>