<level>
<walls>
</walls>
<floors>
<floor row="0" col="13" xLength="3" zLength="4" centerX="14.5" centerY="0" centerZ="2" texture="Floor"/>
<floor row="4" col="10" xLength="10" zLength="6" centerX="15" centerY="0" centerZ="7" texture="Floor"/>
<floor row="10" col="13" xLength="3" zLength="1" centerX="14.5" centerY="0" centerZ="10.5" texture="Floor"/>
</floors>
<spawns>
</spawns>
<exits>
<exit row="0" col="13" xLength="3" zLength="1" centerX="14.5" centerY="0" centerZ="0.5" file="level33.xml"/>
<exit row="10" col="13" xLength="3" zLength="1" centerX="14.5" centerY="0" centerZ="10.5" file="level35.xml"/>
</exits>
<cubes>
</cubes>
<crests>
</crests>
</level>