<level>
<walls>
<wall row="0" col="8" xLength="1" yLength="6" zLength="3" centerX="8.5" centerY="3" centerZ="1.5" texture="Hedge"/>
<wall row="0" col="16" xLength="1" yLength="6" zLength="3" centerX="16.5" centerY="3" centerZ="1.5" texture="Hedge"/>
<wall row="3" col="8" xLength="3" yLength="6" zLength="1" centerX="9.5" centerY="3" centerZ="3.5" texture="Hedge"/>
<wall row="3" col="14" xLength="3" yLength="6" zLength="1" centerX="15.5" centerY="3" centerZ="3.5" texture="Hedge"/>
<wall row="4" col="10" xLength="1" yLength="6" zLength="4" centerX="10.5" centerY="3" centerZ="6" texture="Hedge"/>
<wall row="4" col="14" xLength="1" yLength="6" zLength="4" centerX="14.5" centerY="3" centerZ="6" texture="Hedge"/>
<wall row="8" col="0" xLength="4" yLength="6" zLength="1" centerX="2" centerY="3" centerZ="8.5" texture="Hedge"/>
<wall row="8" col="8" xLength="3" yLength="6" zLength="1" centerX="9.5" centerY="3" centerZ="8.5" texture="Hedge"/>
<wall row="8" col="14" xLength="3" yLength="6" zLength="1" centerX="15.5" centerY="3" centerZ="8.5" texture="Hedge"/>
<wall row="9" col="3" xLength="1" yLength="6" zLength="1" centerX="3.5" centerY="3" centerZ="9.5" texture="Hedge"/>
<wall row="9" col="8" xLength="1" yLength="6" zLength="1" centerX="8.5" centerY="3" centerZ="9.5" texture="Hedge"/>
<wall row="9" col="16" xLength="1" yLength="6" zLength="7" centerX="16.5" centerY="3" centerZ="12.5" texture="Hedge"/>
<wall row="10" col="3" xLength="6" yLength="6" zLength="1" centerX="6" centerY="3" centerZ="10.5" texture="Hedge"/>
<wall row="14" col="3" xLength="6" yLength="6" zLength="1" centerX="6" centerY="3" centerZ="14.5" texture="Hedge"/>
<wall row="15" col="3" xLength="1" yLength="6" zLength="1" centerX="3.5" centerY="3" centerZ="15.5" texture="Hedge"/>
<wall row="15" col="8" xLength="1" yLength="6" zLength="1" centerX="8.5" centerY="3" centerZ="15.5" texture="Hedge"/>
<wall row="16" col="0" xLength="4" yLength="6" zLength="1" centerX="2" centerY="3" centerZ="16.5" texture="Hedge"/>
<wall row="16" col="8" xLength="9" yLength="6" zLength="1" centerX="12.5" centerY="3" centerZ="16.5" texture="Hedge"/>
</walls>
<floors>
<floor row="0" col="9" xLength="7" zLength="3" centerX="12.5" centerY="3" centerZ="1.5" texture="Floor"/>
<floor row="3" col="11" xLength="3" zLength="6" centerX="12.5" centerY="3" centerZ="6" texture="Floor"/>
<floor row="9" col="0" xLength="3" zLength="2" centerX="1.5" centerY="3" centerZ="10" texture="Floor"/>
<floor row="9" col="9" xLength="7" zLength="2" centerX="12.5" centerY="3" centerZ="10" texture="Floor"/>
<floor row="11" col="0" xLength="1" zLength="3" centerX="0.5" centerY="3" centerZ="12.5" texture="Floor"/>
<floor row="11" col="1" xLength="8" zLength="3" centerX="5" centerY="3" centerZ="12.5" texture="Floor"/>
<floor row="11" col="9" xLength="7" zLength="5" centerX="12.5" centerY="3" centerZ="13.5" texture="Floor"/>
<floor row="14" col="0" xLength="3" zLength="2" centerX="1.5" centerY="3" centerZ="15" texture="Floor"/>
</floors>
<spawns>
<spawn row="12" col="12" xLength="1" zLength="1" centerX="12.5" centerY="3" centerZ="12.5" dir="up"/>
</spawns>
<exits>
<exit row="0" col="11" xLength="3" zLength="1" centerX="12.5" centerY="3" centerZ="0.5" file="level3.xml"/>
<exit row="11" col="0" xLength="1" zLength="3" centerX="0.5" centerY="3" centerZ="12.5" file="level5.xml"/>
</exits>
<cubes>
</cubes>
<crests>
</crests>
</level>