<level>
<walls>
<wall row="8" col="8" xLength="9" yLength="6" zLength="1" centerX="12.5" centerY="1" centerZ="8.5" texture="Hedge"/>
<wall row="9" col="8" xLength="1" yLength="6" zLength="1" centerX="8.5" centerY="1" centerZ="9.5" texture="Hedge"/>
<wall row="9" col="16" xLength="1" yLength="6" zLength="7" centerX="16.5" centerY="1" centerZ="12.5" texture="Hedge"/>
<wall row="10" col="0" xLength="9" yLength="6" zLength="1" centerX="4.5" centerY="1" centerZ="10.5" texture="Hedge"/>
<wall row="14" col="0" xLength="9" yLength="6" zLength="1" centerX="4.5" centerY="1" centerZ="14.5" texture="Hedge"/>
<wall row="15" col="8" xLength="1" yLength="6" zLength="1" centerX="8.5" centerY="1" centerZ="15.5" texture="Hedge"/>
<wall row="16" col="8" xLength="3" yLength="6" zLength="1" centerX="9.5" centerY="1" centerZ="16.5" texture="Hedge"/>
<wall row="16" col="14" xLength="3" yLength="6" zLength="1" centerX="15.5" centerY="1" centerZ="16.5" texture="Hedge"/>
<wall row="17" col="10" xLength="1" yLength="6" zLength="4" centerX="10.5" centerY="1" centerZ="19" texture="Hedge"/>
<wall row="17" col="14" xLength="1" yLength="6" zLength="4" centerX="14.5" centerY="1" centerZ="19" texture="Hedge"/>
<wall row="21" col="8" xLength="3" yLength="6" zLength="1" centerX="9.5" centerY="1" centerZ="21.5" texture="Hedge"/>
<wall row="21" col="14" xLength="3" yLength="6" zLength="1" centerX="15.5" centerY="1" centerZ="21.5" texture="Hedge"/>
<wall row="22" col="8" xLength="1" yLength="6" zLength="3" centerX="8.5" centerY="1" centerZ="23.5" texture="Hedge"/>
<wall row="22" col="16" xLength="1" yLength="6" zLength="3" centerX="16.5" centerY="1" centerZ="23.5" texture="Hedge"/>
</walls>
<floors>
<floor row="9" col="9" xLength="7" zLength="2" centerX="12.5" centerY="1" centerZ="10" texture="Floor"/>
<floor row="11" col="0" xLength="1" zLength="3" centerX="0.5" centerY="1" centerZ="12.5" texture="Floor"/>
<floor row="11" col="1" xLength="8" zLength="3" centerX="5" centerY="1" centerZ="12.5" texture="Floor"/>
<floor row="11" col="9" xLength="7" zLength="5" centerX="12.5" centerY="1" centerZ="13.5" texture="Floor"/>
<floor row="16" col="11" xLength="3" zLength="1" centerX="12.5" centerY="1" centerZ="16.5" texture="Floor"/>
<floor row="17" col="11" xLength="3" zLength="3" centerX="12.5" centerY="1" centerZ="18.5" texture="Floor"/>
<floor row="20" col="11" xLength="2" zLength="1" centerX="12" centerY="1" centerZ="20.5" texture="Floor"/>
<floor row="20" col="13" xLength="1" zLength="1" centerX="13.5" centerY="1" centerZ="20.5" texture="Floor"/>
<floor row="21" col="11" xLength="3" zLength="1" centerX="12.5" centerY="1" centerZ="21.5" texture="Floor"/>
<floor row="22" col="9" xLength="7" zLength="3" centerX="12.5" centerY="1" centerZ="23.5" texture="Floor"/>
</floors>
<spawns>
<spawn row="12" col="12" xLength="1" zLength="1" centerX="12.5" centerY="1" centerZ="12.5" dir="up"/>
</spawns>
<exits>
<exit row="11" col="0" xLength="1" zLength="3" centerX="0.5" centerY="1" centerZ="12.5" file="level1.xml"/>
<exit row="24" col="11" xLength="3" zLength="1" centerX="12.5" centerY="1" centerZ="24.5" file="level3.xml"/>
</exits>
<cubes>
</cubes>
<crests>
</crests>
</level>