<level>
<walls>
<wall row="18" col="1" xLength="1" yLength="6" zLength="3" centerX="1.5" centerY="7" centerZ="19.5" texture="Hedge"/>
<wall row="18" col="21" xLength="1" yLength="6" zLength="3" centerX="21.5" centerY="7" centerZ="19.5" texture="Hedge"/>
<wall row="21" col="1" xLength="2" yLength="6" zLength="1" centerX="2" centerY="7" centerZ="21.5" texture="Hedge"/>
<wall row="21" col="20" xLength="2" yLength="6" zLength="1" centerX="21" centerY="7" centerZ="21.5" texture="Hedge"/>
<wall row="22" col="2" xLength="2" yLength="6" zLength="1" centerX="3" centerY="7" centerZ="22.5" texture="Hedge"/>
<wall row="22" col="19" xLength="2" yLength="6" zLength="1" centerX="20" centerY="7" centerZ="22.5" texture="Hedge"/>
<wall row="23" col="3" xLength="4" yLength="6" zLength="1" centerX="5" centerY="7" centerZ="23.5" texture="Hedge"/>
<wall row="23" col="16" xLength="4" yLength="6" zLength="1" centerX="18" centerY="7" centerZ="23.5" texture="Hedge"/>
<wall row="24" col="6" xLength="2" yLength="6" zLength="1" centerX="7" centerY="7" centerZ="24.5" texture="Hedge"/>
<wall row="24" col="15" xLength="2" yLength="6" zLength="1" centerX="16" centerY="7" centerZ="24.5" texture="Hedge"/>
</walls>
<floors>
<floor row="18" col="2" xLength="19" zLength="3" centerX="11.5" centerY="7" centerZ="19.5" texture="Floor"/>
<floor row="21" col="3" xLength="17" zLength="1" centerX="11.5" centerY="7" centerZ="21.5" texture="Floor"/>
<floor row="22" col="4" xLength="15" zLength="1" centerX="11.5" centerY="7" centerZ="22.5" texture="Floor"/>
<floor row="23" col="7" xLength="9" zLength="1" centerX="11.5" centerY="7" centerZ="23.5" texture="Floor"/>
<floor row="24" col="8" xLength="7" zLength="1" centerX="11.5" centerY="7" centerZ="24.5" texture="Floor"/>
</floors>
<spawns>
</spawns>
<exits>
<exit row="24" col="10" xLength="3" zLength="1" centerX="11.5" centerY="7" centerZ="24.5" file="level6.xml"/>
<exit row="18" col="10" xLength="3" zLength="1" centerX="11.5" centerY="7" centerZ="18.5" file="level8.xml"/>
</exits>
<cubes>
</cubes>
<crests>
</crests>
</level>