<level>
<walls>
<wall row="0" col="0" xLength="9" yLength="6" zLength="1" centerX="4.5" centerY="0" centerZ="0.5" texture="Hedge"/>
<wall row="0" col="16" xLength="9" yLength="6" zLength="1" centerX="20.5" centerY="0" centerZ="0.5" texture="Hedge"/>
<wall row="1" col="0" xLength="1" yLength="6" zLength="7" centerX="0.5" centerY="0" centerZ="4.5" texture="Hedge"/>
<wall row="1" col="8" xLength="1" yLength="6" zLength="1" centerX="8.5" centerY="0" centerZ="1.5" texture="Hedge"/>
<wall row="1" col="16" xLength="1" yLength="6" zLength="1" centerX="16.5" centerY="0" centerZ="1.5" texture="Hedge"/>
<wall row="1" col="24" xLength="1" yLength="6" zLength="7" centerX="24.5" centerY="0" centerZ="4.5" texture="Hedge"/>
<wall row="8" col="0" xLength="2" yLength="6" zLength="1" centerX="1" centerY="0" centerZ="8.5" texture="Hedge"/>
<wall row="8" col="23" xLength="2" yLength="6" zLength="1" centerX="24" centerY="0" centerZ="8.5" texture="Hedge"/>
<wall row="9" col="24" xLength="1" yLength="6" zLength="2" centerX="24.5" centerY="0" centerZ="10" texture="Hedge"/>
<wall row="14" col="24" xLength="1" yLength="6" zLength="2" centerX="24.5" centerY="0" centerZ="15" texture="Hedge"/>
<wall row="16" col="0" xLength="2" yLength="6" zLength="1" centerX="1" centerY="0" centerZ="16.5" texture="Hedge"/>
<wall row="16" col="23" xLength="2" yLength="6" zLength="1" centerX="24" centerY="0" centerZ="16.5" texture="Hedge"/>
<wall row="17" col="0" xLength="1" yLength="6" zLength="7" centerX="0.5" centerY="0" centerZ="20.5" texture="Hedge"/>
<wall row="17" col="24" xLength="1" yLength="6" zLength="6" centerX="24.5" centerY="0" centerZ="20" texture="Hedge"/>
<wall row="23" col="8" xLength="1" yLength="6" zLength="1" centerX="8.5" centerY="0" centerZ="23.5" texture="Hedge"/>
<wall row="23" col="16" xLength="1" yLength="6" zLength="1" centerX="16.5" centerY="0" centerZ="23.5" texture="Hedge"/>
<wall row="23" col="24" xLength="1" yLength="6" zLength="1" centerX="24.5" centerY="0" centerZ="23.5" texture="Hedge"/>
<wall row="24" col="0" xLength="9" yLength="6" zLength="1" centerX="4.5" centerY="0" centerZ="24.5" texture="Hedge"/>
<wall row="24" col="16" xLength="9" yLength="6" zLength="1" centerX="20.5" centerY="0" centerZ="24.5" texture="Hedge"/>
</walls>
<floors>
<floor row="0" col="9" xLength="7" zLength="1" centerX="12.5" centerY="0" centerZ="0.5" texture="Hedge"/>
<floor row="1" col="1" xLength="7" zLength="1" centerX="4.5" centerY="0" centerZ="1.5" texture="Floor"/>
<floor row="1" col="9" xLength="7" zLength="1" centerX="12.5" centerY="0" centerZ="1.5" texture="Hedge"/>
<floor row="1" col="17" xLength="1" zLength="1" centerX="17.5" centerY="0" centerZ="1.5" texture="Hedge"/>
<floor row="1" col="18" xLength="6" zLength="1" centerX="21" centerY="0" centerZ="1.5" texture="Floor"/>
<floor row="2" col="1" xLength="23" zLength="1" centerX="12.5" centerY="0" centerZ="2.5" texture="Floor"/>
<floor row="3" col="1" xLength="2" zLength="5" centerX="2" centerY="0" centerZ="5.5" texture="Floor"/>
<floor row="3" col="11" xLength="3" zLength="2" centerX="12.5" centerY="0" centerZ="4" texture="Floor"/>
<floor row="3" col="22" xLength="2" zLength="4" centerX="23" centerY="0" centerZ="5" texture="Floor"/>
<floor row="5" col="5" xLength="15" zLength="2" centerX="12.5" centerY="0" centerZ="6" texture="Floor"/>
<floor row="7" col="5" xLength="2" zLength="4" centerX="6" centerY="0" centerZ="9" texture="Floor"/>
<floor row="7" col="11" xLength="3" zLength="2" centerX="12.5" centerY="0" centerZ="8" texture="Floor"/>
<floor row="7" col="18" xLength="2" zLength="4" centerX="19" centerY="0" centerZ="9" texture="Floor"/>
<floor row="7" col="22" xLength="1" zLength="2" centerX="22.5" centerY="0" centerZ="8" texture="Floor"/>
<floor row="7" col="23" xLength="1" zLength="1" centerX="23.5" centerY="0" centerZ="7.5" texture="Hedge"/>
<floor row="8" col="2" xLength="1" zLength="1" centerX="2.5" centerY="0" centerZ="8.5" texture="Floor"/>
<floor row="9" col="0" xLength="2" zLength="7" centerX="1" centerY="0" centerZ="12.5" texture="Hedge"/>
<floor row="9" col="2" xLength="1" zLength="2" centerX="2.5" centerY="0" centerZ="10" texture="Floor"/>
<floor row="9" col="9" xLength="7" zLength="7" centerX="12.5" centerY="0" centerZ="12.5" texture="Grass"/>
<floor row="9" col="22" xLength="2" zLength="2" centerX="23" centerY="0" centerZ="10" texture="Floor"/>
<floor row="11" col="2" xLength="7" zLength="3" centerX="5.5" centerY="0" centerZ="12.5" texture="Floor"/>
<floor row="11" col="16" xLength="9" zLength="3" centerX="20.5" centerY="0" centerZ="12.5" texture="Floor"/>
<floor row="14" col="2" xLength="1" zLength="3" centerX="2.5" centerY="0" centerZ="15.5" texture="Floor"/>
<floor row="14" col="5" xLength="2" zLength="4" centerX="6" centerY="0" centerZ="16" texture="Floor"/>
<floor row="14" col="18" xLength="2" zLength="4" centerX="19" centerY="0" centerZ="16" texture="Floor"/>
<floor row="14" col="22" xLength="2" zLength="2" centerX="23" centerY="0" centerZ="15" texture="Floor"/>
<floor row="16" col="11" xLength="3" zLength="2" centerX="12.5" centerY="0" centerZ="17" texture="Floor"/>
<floor row="16" col="22" xLength="1" zLength="1" centerX="22.5" centerY="0" centerZ="16.5" texture="Floor"/>
<floor row="17" col="1" xLength="2" zLength="5" centerX="2" centerY="0" centerZ="19.5" texture="Floor"/>
<floor row="17" col="22" xLength="2" zLength="5" centerX="23" centerY="0" centerZ="19.5" texture="Floor"/>
<floor row="18" col="5" xLength="15" zLength="2" centerX="12.5" centerY="0" centerZ="19" texture="Floor"/>
<floor row="20" col="11" xLength="3" zLength="2" centerX="12.5" centerY="0" centerZ="21" texture="Floor"/>
<floor row="22" col="1" xLength="23" zLength="1" centerX="12.5" centerY="0" centerZ="22.5" texture="Floor"/>
<floor row="23" col="1" xLength="7" zLength="1" centerX="4.5" centerY="0" centerZ="23.5" texture="Floor"/>
<floor row="23" col="9" xLength="7" zLength="2" centerX="12.5" centerY="0" centerZ="24" texture="Hedge"/>
<floor row="23" col="17" xLength="7" zLength="1" centerX="20.5" centerY="0" centerZ="23.5" texture="Floor"/>
</floors>
<spawns>
<spawn row="12" col="12" xLength="1" zLength="1" centerX="12.5" centerY="0" centerZ="12.5" dir="up"/>
</spawns>
<exits>
<exit row="11" col="24" xLength="1" zLength="3" centerX="24.5" centerY="0" centerZ="12.5" file="level2.xml"/>
</exits>
<cubes>
</cubes>
<crests>
</crests>
</level>