<level>
<walls>
<wall row="12" col="12" xLength="1" yLength="7" zLength="2" centerX="12.5" centerY="6" centerZ="13" texture="Hedge"/>
<wall row="12" col="20" xLength="1" yLength="7" zLength="2" centerX="20.5" centerY="6" centerZ="13" texture="Hedge"/>
<wall row="14" col="12" xLength="3" yLength="7" zLength="1" centerX="13.5" centerY="6" centerZ="14.5" texture="Hedge"/>
<wall row="14" col="18" xLength="3" yLength="7" zLength="1" centerX="19.5" centerY="6" centerZ="14.5" texture="Hedge"/>
<wall row="15" col="14" xLength="1" yLength="7" zLength="3" centerX="14.5" centerY="6" centerZ="16.5" texture="Hedge"/>
<wall row="15" col="18" xLength="1" yLength="7" zLength="3" centerX="18.5" centerY="6" centerZ="16.5" texture="Hedge"/>
<wall row="17" col="12" xLength="1" yLength="10" zLength="2" centerX="12.5" centerY="6" centerZ="18" texture="Brick"/>
<wall row="17" col="20" xLength="1" yLength="10" zLength="1" centerX="20.5" centerY="6" centerZ="17.5" texture="Brick"/>
<wall row="18" col="14" xLength="1" yLength="6" zLength="3" centerX="14.5" centerY="5" centerZ="19.5" texture="Hedge"/>
<wall row="18" col="18" xLength="1" yLength="6" zLength="3" centerX="18.5" centerY="5" centerZ="19.5" texture="Hedge"/>
<wall row="18" col="20" xLength="1" yLength="10" zLength="1" centerX="20.5" centerY="5" centerZ="18.5" texture="Brick"/>
<wall row="21" col="12" xLength="3" yLength="6" zLength="1" centerX="13.5" centerY="5" centerZ="21.5" texture="Hedge"/>
<wall row="21" col="18" xLength="3" yLength="6" zLength="1" centerX="19.5" centerY="5" centerZ="21.5" texture="Hedge"/>
<wall row="22" col="12" xLength="1" yLength="6" zLength="3" centerX="12.5" centerY="5" centerZ="23.5" texture="Hedge"/>
<wall row="22" col="20" xLength="1" yLength="6" zLength="3" centerX="20.5" centerY="5" centerZ="23.5" texture="Hedge"/>
</walls>
<floors>
<floor row="12" col="13" xLength="7" zLength="2" centerX="16.5" centerY="6" centerZ="13" texture="Floor"/>
<floor row="14" col="15" xLength="3" zLength="4" centerX="16.5" centerY="6" centerZ="16" texture="Floor"/>
<floor row="18" col="15" xLength="3" zLength="4" centerX="16.5" centerY="5" centerZ="20" texture="Floor"/>
<floor row="22" col="13" xLength="7" zLength="3" centerX="16.5" centerY="5" centerZ="23.5" texture="Floor"/>
</floors>
<spawns>
</spawns>
<exits>
<exit row="12" col="15" xLength="3" zLength="1" centerX="16.5" centerY="6" centerZ="12.5" file="level7.xml"/>
<exit row="24" col="15" xLength="3" zLength="1" centerX="16.5" centerY="5" centerZ="24.5" file="level5.xml"/>
</exits>
<cubes>
</cubes>
<crests>
</crests>
</level>