<level>
<walls>
<wall row="16" col="6" xLength="2" yLength="1" zLength="1" centerX="7" centerY="8" centerZ="16.5" texture="Hedge"/>
<wall row="16" col="9" xLength="1" yLength="2" zLength="1" centerX="9.5" centerY="8" centerZ="16.5" texture="Hedge"/>
<wall row="16" col="13" xLength="1" yLength="3" zLength="1" centerX="13.5" centerY="8" centerZ="16.5" texture="Hedge"/>
<wall row="16" col="15" xLength="2" yLength="4" zLength="1" centerX="16" centerY="8" centerZ="16.5" texture="Hedge"/>
<wall row="17" col="18" xLength="1" yLength="5" zLength="2" centerX="18.5" centerY="8" centerZ="18" texture="Hedge"/>
<wall row="20" col="18" xLength="1" yLength="6" zLength="2" centerX="18.5" centerY="8" centerZ="21" texture="Hedge"/>
<wall row="23" col="18" xLength="1" yLength="7" zLength="2" centerX="18.5" centerY="8" centerZ="24" texture="Hedge"/>
</walls>
<floors>
<floor row="6" col="8" xLength="7" zLength="2" centerX="11.5" centerY="8" centerZ="7" texture="Hedge"/>
<floor row="8" col="8" xLength="2" zLength="3" centerX="9" centerY="8" centerZ="9.5" texture="Hedge"/>
<floor row="8" col="13" xLength="2" zLength="3" centerX="14" centerY="8" centerZ="9.5" texture="Hedge"/>
<floor row="11" col="8" xLength="7" zLength="2" centerX="11.5" centerY="8" centerZ="12" texture="Hedge"/>
<floor row="13" col="10" xLength="3" zLength="4" centerX="11.5" centerY="8" centerZ="15" texture="Hedge"/>
<floor row="17" col="5" xLength="13" zLength="8" centerX="11.5" centerY="8" centerZ="21" texture="Floor"/>
</floors>
<spawns>
<spawn row="22" col="11" xLength="1" zLength="1" centerX="11.5" centerY="8" centerZ="22.5" dir="down"/>
</spawns>
<exits>
<exit row="24" col="10" xLength="3" zLength="1" centerX="11.5" centerY="8" centerZ="24.5" file="level7.xml"/>
</exits>
<cubes>
</cubes>
<crests>
</crests>
</level>