<level>
<walls>
<wall row="4" col="12" xLength="1" yLength="6" zLength="3" centerX="12.5" centerY="4" centerZ="5.5" texture="Hedge"/>
<wall row="4" col="20" xLength="1" yLength="6" zLength="3" centerX="20.5" centerY="4" centerZ="5.5" texture="Hedge"/>
<wall row="7" col="12" xLength="3" yLength="6" zLength="1" centerX="13.5" centerY="4" centerZ="7.5" texture="Hedge"/>
<wall row="7" col="18" xLength="4" yLength="6" zLength="1" centerX="20" centerY="4" centerZ="7.5" texture="Hedge"/>
<wall row="8" col="14" xLength="1" yLength="6" zLength="6" centerX="14.5" centerY="4" centerZ="11" texture="Hedge"/>
<wall row="8" col="18" xLength="7" yLength="6" zLength="1" centerX="21.5" centerY="4" centerZ="8.5" texture="Hedge"/>
<wall row="9" col="18" xLength="4" yLength="6" zLength="2" centerX="20" centerY="4" centerZ="10" texture="Hedge"/>
<wall row="14" col="14" xLength="8" yLength="6" zLength="1" centerX="18" centerY="4" centerZ="14.5" texture="Hedge"/>
<wall row="15" col="21" xLength="1" yLength="6" zLength="1" centerX="21.5" centerY="4" centerZ="15.5" texture="Hedge"/>
<wall row="16" col="21" xLength="4" yLength="6" zLength="1" centerX="23" centerY="4" centerZ="16.5" texture="Hedge"/>
</walls>
<floors>
<floor row="4" col="13" xLength="7" zLength="3" centerX="16.5" centerY="4" centerZ="5.5" texture="Floor"/>
<floor row="7" col="15" xLength="3" zLength="4" centerX="16.5" centerY="4" centerZ="9" texture="Floor"/>
<floor row="9" col="22" xLength="3" zLength="2" centerX="23.5" centerY="4" centerZ="10" texture="Floor"/>
<floor row="11" col="15" xLength="10" zLength="3" centerX="20" centerY="4" centerZ="12.5" texture="Floor"/>
<floor row="14" col="22" xLength="3" zLength="2" centerX="23.5" centerY="4" centerZ="15" texture="Floor"/>
</floors>
<spawns>
</spawns>
<exits>
<exit row="4" col="15" xLength="3" zLength="1" centerX="16.5" centerY="4" centerZ="4.5" file="level6.xml"/>
<exit row="11" col="24" xLength="1" zLength="3" centerX="24.5" centerY="4" centerZ="12.5" file="level4.xml"/>
</exits>
<cubes>
</cubes>
<crests>
</crests>
</level>