<level>
<walls>
<wall row="0" col="20" xLength="1" yLength="6" zLength="20" centerX="20.5" centerY="0" centerZ="10" texture="Hedge"/>
<wall row="0" col="24" xLength="1" yLength="6" zLength="24" centerX="24.5" centerY="0" centerZ="12" texture="Hedge"/>
<wall row="20" col="0" xLength="21" yLength="6" zLength="1" centerX="10.5" centerY="0" centerZ="20.5" texture="Hedge"/>
<wall row="24" col="0" xLength="25" yLength="6" zLength="1" centerX="12.5" centerY="0" centerZ="24.5" texture="Hedge"/>
</walls>
<floors>
<floor row="0" col="21" xLength="3" zLength="1" centerX="22.5" centerY="0" centerZ="0.5" texture="Floor"/>
<floor row="1" col="21" xLength="1" zLength="16" centerX="21.5" centerY="0" centerZ="9" texture="Floor"/>
<floor row="1" col="22" xLength="2" zLength="16" centerX="23" centerY="0" centerZ="9" texture="Floor"/>
<floor row="17" col="21" xLength="2" zLength="4" centerX="22" centerY="0" centerZ="19" texture="Floor"/>
<floor row="17" col="23" xLength="1" zLength="4" centerX="23.5" centerY="0" centerZ="19" texture="Floor"/>
<floor row="21" col="0" xLength="1" zLength="2" centerX="0.5" centerY="0" centerZ="22" texture="Floor"/>
<floor row="21" col="1" xLength="21" zLength="1" centerX="11.5" centerY="0" centerZ="21.5" texture="Floor"/>
<floor row="21" col="22" xLength="2" zLength="1" centerX="23" centerY="0" centerZ="21.5" texture="Floor"/>
<floor row="22" col="1" xLength="2" zLength="1" centerX="2" centerY="0" centerZ="22.5" texture="Floor"/>
<floor row="22" col="3" xLength="21" zLength="1" centerX="13.5" centerY="0" centerZ="22.5" texture="Floor"/>
<floor row="23" col="0" xLength="24" zLength="1" centerX="12" centerY="0" centerZ="23.5" texture="Floor"/>
</floors>
<spawns>
<spawn row="22" col="2" xLength="1" zLength="1" centerX="2.5" centerY="0" centerZ="22.5" dir="right"/>
</spawns>
<exits>
<exit row="0" col="21" xLength="3" zLength="1" centerX="22.5" centerY="0" centerZ="0.5" file="level10.xml"/>
<exit row="21" col="0" xLength="1" zLength="3" centerX="0.5" centerY="0" centerZ="22.5" file="level7.xml"/>
</exits>
<cubes>
</cubes>
<crests>
</crests>
</level>