<level>
<walls>
<wall row="12" col="13" xLength="1" yLength="8" zLength="1" centerX="13.5" centerY="0" centerZ="12.5" texture="Hedge"/>
<wall row="13" col="12" xLength="1" yLength="8" zLength="1" centerX="12.5" centerY="0" centerZ="13.5" texture="Hedge"/>
<wall row="13" col="14" xLength="1" yLength="8" zLength="1" centerX="14.5" centerY="0" centerZ="13.5" texture="Hedge"/>
<wall row="14" col="11" xLength="1" yLength="8" zLength="1" centerX="11.5" centerY="0" centerZ="14.5" texture="Hedge"/>
<wall row="14" col="15" xLength="1" yLength="8" zLength="1" centerX="15.5" centerY="0" centerZ="14.5" texture="Hedge"/>
<wall row="15" col="10" xLength="1" yLength="8" zLength="1" centerX="10.5" centerY="0" centerZ="15.5" texture="Hedge"/>
<wall row="15" col="16" xLength="2" yLength="8" zLength="1" centerX="17" centerY="0" centerZ="15.5" texture="Hedge"/>
<wall row="16" col="9" xLength="1" yLength="8" zLength="3" centerX="9.5" centerY="0" centerZ="17.5" texture="Hedge"/>
<wall row="16" col="17" xLength="1" yLength="8" zLength="1" centerX="17.5" centerY="0" centerZ="16.5" texture="Hedge"/>
<wall row="17" col="10" xLength="1" yLength="8" zLength="1" centerX="10.5" centerY="0" centerZ="17.5" texture="Rock"/>
<wall row="17" col="16" xLength="1" yLength="8" zLength="1" centerX="16.5" centerY="0" centerZ="17.5" texture="Rock"/>
<wall row="17" col="17" xLength="1" yLength="8" zLength="2" centerX="17.5" centerY="0" centerZ="18" texture="Hedge"/>
<wall row="19" col="10" xLength="1" yLength="8" zLength="1" centerX="10.5" centerY="0" centerZ="19.5" texture="Hedge"/>
<wall row="19" col="16" xLength="1" yLength="8" zLength="1" centerX="16.5" centerY="0" centerZ="19.5" texture="Hedge"/>
<wall row="20" col="11" xLength="1" yLength="8" zLength="1" centerX="11.5" centerY="0" centerZ="20.5" texture="Hedge"/>
<wall row="20" col="15" xLength="1" yLength="8" zLength="1" centerX="15.5" centerY="0" centerZ="20.5" texture="Hedge"/>
</walls>
<floors>
<floor row="13" col="13" xLength="1" zLength="1" centerX="13.5" centerY="0" centerZ="13.5" texture="Floor"/>
<floor row="14" col="12" xLength="1" zLength="1" centerX="12.5" centerY="0" centerZ="14.5" texture="Floor"/>
<floor row="14" col="14" xLength="1" zLength="1" centerX="14.5" centerY="0" centerZ="14.5" texture="Floor"/>
<floor row="15" col="11" xLength="5" zLength="1" centerX="13.5" centerY="0" centerZ="15.5" texture="Floor"/>
<floor row="16" col="10" xLength="7" zLength="1" centerX="13.5" centerY="0" centerZ="16.5" texture="Floor"/>
<floor row="17" col="11" xLength="5" zLength="1" centerX="13.5" centerY="0" centerZ="17.5" texture="Floor"/>
<floor row="18" col="10" xLength="7" zLength="1" centerX="13.5" centerY="0" centerZ="18.5" texture="Floor"/>
<floor row="19" col="11" xLength="5" zLength="1" centerX="13.5" centerY="0" centerZ="19.5" texture="Floor"/>
<floor row="20" col="12" xLength="3" zLength="1" centerX="13.5" centerY="0" centerZ="20.5" texture="Floor"/>
</floors>
<spawns>
</spawns>
<exits>
<exit row="20" col="12" xLength="3" zLength="1" centerX="13.5" centerY="0" centerZ="20.5" file="level15.xml"/>
</exits>
<cubes>
</cubes>
<crests>
<crest row="14" col="13" xLength="1" yLength="2" zLength="1" centerX="13.5" centerY="0" centerZ="14.5" effect="5" target="" dir="down" placement=""/>
</crests>
</level>