<level>
<walls>
<wall row="11" col="0" xLength="25" yLength="10" zLength="1" centerX="12.5" centerY="0" centerZ="11.5" texture="Hedge"/>
<wall row="12" col="0" xLength="1" yLength="10" zLength="3" centerX="0.5" centerY="0" centerZ="13.5" texture="Hedge"/>
<wall row="12" col="1" xLength="1" yLength="10" zLength="1" centerX="1.5" centerY="0" centerZ="12.5" texture="null"/>
<wall row="12" col="7" xLength="5" yLength="10" zLength="1" centerX="9.5" centerY="0" centerZ="12.5" texture="Rock"/>
<wall row="12" col="13" xLength="1" yLength="10" zLength="1" centerX="13.5" centerY="0" centerZ="12.5" texture="Rock"/>
<wall row="12" col="14" xLength="11" yLength="10" zLength="1" centerX="19.5" centerY="0" centerZ="12.5" texture="Hedge"/>
<wall row="13" col="13" xLength="2" yLength="10" zLength="1" centerX="14" centerY="0" centerZ="13.5" texture="Rock"/>
<wall row="13" col="15" xLength="10" yLength="10" zLength="1" centerX="20" centerY="0" centerZ="13.5" texture="Hedge"/>
<wall row="14" col="4" xLength="1" yLength="10" zLength="4" centerX="4.5" centerY="0" centerZ="16" texture="Rock"/>
<wall row="14" col="13" xLength="3" yLength="10" zLength="1" centerX="14.5" centerY="0" centerZ="14.5" texture="Rock"/>
<wall row="14" col="16" xLength="9" yLength="10" zLength="1" centerX="20.5" centerY="0" centerZ="14.5" texture="Hedge"/>
<wall row="15" col="13" xLength="5" yLength="6" zLength="2" centerX="15.5" centerY="0" centerZ="16" texture="Snow"/>
<wall row="15" col="18" xLength="1" yLength="5" zLength="2" centerX="18.5" centerY="0" centerZ="16" texture="Snow"/>
<wall row="15" col="19" xLength="1" yLength="4" zLength="2" centerX="19.5" centerY="0" centerZ="16" texture="Snow"/>
<wall row="15" col="20" xLength="1" yLength="3" zLength="2" centerX="20.5" centerY="0" centerZ="16" texture="Snow"/>
<wall row="15" col="21" xLength="1" yLength="2" zLength="2" centerX="21.5" centerY="0" centerZ="16" texture="Snow"/>
<wall row="15" col="22" xLength="1" yLength="1" zLength="2" centerX="22.5" centerY="0" centerZ="16" texture="Snow"/>
<wall row="17" col="13" xLength="3" yLength="10" zLength="1" centerX="14.5" centerY="0" centerZ="17.5" texture="Rock"/>
<wall row="17" col="16" xLength="7" yLength="10" zLength="1" centerX="19.5" centerY="0" centerZ="17.5" texture="Hedge"/>
<wall row="18" col="0" xLength="1" yLength="10" zLength="2" centerX="0.5" centerY="0" centerZ="19" texture="Hedge"/>
<wall row="18" col="13" xLength="2" yLength="10" zLength="1" centerX="14" centerY="0" centerZ="18.5" texture="Rock"/>
<wall row="18" col="15" xLength="10" yLength="10" zLength="1" centerX="20" centerY="0" centerZ="18.5" texture="Hedge"/>
<wall row="19" col="1" xLength="1" yLength="10" zLength="1" centerX="1.5" centerY="0" centerZ="19.5" texture="null"/>
<wall row="19" col="7" xLength="7" yLength="10" zLength="1" centerX="10.5" centerY="0" centerZ="19.5" texture="Rock"/>
<wall row="19" col="14" xLength="11" yLength="10" zLength="1" centerX="19.5" centerY="0" centerZ="19.5" texture="Hedge"/>
<wall row="20" col="0" xLength="25" yLength="10" zLength="1" centerX="12.5" centerY="0" centerZ="20.5" texture="Hedge"/>
</walls>
<floors>
<floor row="12" col="2" xLength="5" zLength="1" centerX="4.5" centerY="0" centerZ="12.5" texture="Floor"/>
<floor row="12" col="12" xLength="1" zLength="1" centerX="12.5" centerY="0" centerZ="12.5" texture="Floor"/>
<floor row="13" col="1" xLength="12" zLength="1" centerX="7" centerY="0" centerZ="13.5" texture="Floor"/>
<floor row="14" col="1" xLength="3" zLength="1" centerX="2.5" centerY="0" centerZ="14.5" texture="Floor"/>
<floor row="14" col="5" xLength="8" zLength="4" centerX="9" centerY="0" centerZ="16" texture="Floor"/>
<floor row="15" col="0" xLength="4" zLength="3" centerX="2" centerY="0" centerZ="16.5" texture="Floor"/>
<floor row="15" col="23" xLength="2" zLength="3" centerX="24" centerY="0" centerZ="16.5" texture="Floor"/>
<floor row="18" col="1" xLength="12" zLength="1" centerX="7" centerY="0" centerZ="18.5" texture="Floor"/>
<floor row="19" col="2" xLength="5" zLength="1" centerX="4.5" centerY="0" centerZ="19.5" texture="Floor"/>
</floors>
<spawns>
<spawn row="15" col="1" xLength="1" zLength="3" centerX="1.5" centerY="0" centerZ="16.5" dir="right"/>
</spawns>
<exits>
<exit row="15" col="0" xLength="1" zLength="3" centerX="0.5" centerY="0" centerZ="16.5" file="level11.xml"/>
<exit row="15" col="24" xLength="1" zLength="3" centerX="24.5" centerY="0" centerZ="16.5" file="level13.xml"/>
</exits>
<cubes>
<cube row="15" col="7" xLength="1" yLength="1" zLength="2" centerX="7.5" centerY="0" centerZ="16" translateX="0" translateY="0" translateZ="0" texture="Gravel"/>
<cube row="15" col="8" xLength="1" yLength="1" zLength="2" centerX="8.5" centerY="0" centerZ="16" translateX="0" translateY="1" translateZ="0" texture="Gravel"/>
<cube row="15" col="9" xLength="1" yLength="1" zLength="2" centerX="9.5" centerY="0" centerZ="16" translateX="0" translateY="2" translateZ="0" texture="Gravel"/>
<cube row="15" col="10" xLength="1" yLength="1" zLength="2" centerX="10.5" centerY="0" centerZ="16" translateX="0" translateY="3" translateZ="0" texture="Gravel"/>
<cube row="15" col="11" xLength="1" yLength="1" zLength="2" centerX="11.5" centerY="0" centerZ="16" translateX="0" translateY="4" translateZ="0" texture="Gravel"/>
<cube row="15" col="12" xLength="1" yLength="1" zLength="2" centerX="12.5" centerY="0" centerZ="16" translateX="0" translateY="5" translateZ="0" texture="Gravel"/>
</cubes>
<crests>
<crest row="13" col="8" xLength="1" yLength="1" zLength="1" centerX="8.5" centerY="0" centerZ="13.5" effect="3" target="15|8" dir="up" placement=""/>
<crest row="13" col="10" xLength="1" yLength="3" zLength="1" centerX="10.5" centerY="0" centerZ="13.5" effect="3" target="15|10" dir="up" placement=""/>
<crest row="14" col="12" xLength="1" yLength="5" zLength="1" centerX="12.5" centerY="0" centerZ="14.5" effect="3" target="15|12" dir="left" placement=""/>
<crest row="18" col="9" xLength="1" yLength="2" zLength="1" centerX="9.5" centerY="0" centerZ="18.5" effect="3" target="15|9" dir="down" placement=""/>
<crest row="18" col="11" xLength="1" yLength="4" zLength="1" centerX="11.5" centerY="0" centerZ="18.5" effect="3" target="15|11" dir="down" placement=""/>
</crests>
</level>