<level>
<walls>
<wall row="1" col="1" xLength="3" yLength="5" zLength="1" centerX="2.5" centerY="0" centerZ="1.5" texture="Hedge"/>
<wall row="1" col="7" xLength="18" yLength="5" zLength="1" centerX="16" centerY="0" centerZ="1.5" texture="Hedge"/>
<wall row="2" col="0" xLength="2" yLength="5" zLength="1" centerX="1" centerY="0" centerZ="2.5" texture="Hedge"/>
<wall row="2" col="10" xLength="3" yLength="5" zLength="1" centerX="11.5" centerY="0" centerZ="2.5" texture="Hedge"/>
<wall row="2" col="15" xLength="1" yLength="10" zLength="1" centerX="15.5" centerY="0" centerZ="2.5" texture="Brick"/>
<wall row="2" col="16" xLength="2" yLength="7" zLength="1" centerX="17" centerY="0" centerZ="2.5" texture="Rock"/>
<wall row="2" col="18" xLength="1" yLength="10" zLength="1" centerX="18.5" centerY="0" centerZ="2.5" texture="Brick"/>
<wall row="2" col="19" xLength="2" yLength="7" zLength="1" centerX="20" centerY="0" centerZ="2.5" texture="Rock"/>
<wall row="2" col="21" xLength="1" yLength="10" zLength="1" centerX="21.5" centerY="0" centerZ="2.5" texture="Brick"/>
<wall row="2" col="24" xLength="1" yLength="5" zLength="12" centerX="24.5" centerY="0" centerZ="8" texture="Hedge"/>
<wall row="3" col="0" xLength="1" yLength="5" zLength="11" centerX="0.5" centerY="0" centerZ="8.5" texture="Hedge"/>
<wall row="3" col="11" xLength="1" yLength="5" zLength="3" centerX="11.5" centerY="0" centerZ="4.5" texture="Hedge"/>
<wall row="3" col="15" xLength="1" yLength="7" zLength="1" centerX="15.5" centerY="0" centerZ="3.5" texture="Rock"/>
<wall row="3" col="21" xLength="1" yLength="7" zLength="1" centerX="21.5" centerY="0" centerZ="3.5" texture="Rock"/>
<wall row="5" col="1" xLength="1" yLength="6" zLength="1" centerX="1.5" centerY="0" centerZ="5.5" texture="Gravel"/>
<wall row="6" col="10" xLength="3" yLength="5" zLength="1" centerX="11.5" centerY="0" centerZ="6.5" texture="Hedge"/>
<wall row="7" col="10" xLength="1" yLength="5" zLength="1" centerX="10.5" centerY="0" centerZ="7.5" texture="Hedge"/>
<wall row="7" col="11" xLength="1" yLength="6" zLength="1" centerX="11.5" centerY="0" centerZ="7.5" texture="Gravel"/>
<wall row="7" col="12" xLength="1" yLength="5" zLength="1" centerX="12.5" centerY="0" centerZ="7.5" texture="Hedge"/>
<wall row="7" col="15" xLength="1" yLength="7" zLength="1" centerX="15.5" centerY="0" centerZ="7.5" texture="Rock"/>
<wall row="7" col="21" xLength="1" yLength="7" zLength="1" centerX="21.5" centerY="0" centerZ="7.5" texture="Rock"/>
<wall row="8" col="1" xLength="1" yLength="6" zLength="1" centerX="1.5" centerY="0" centerZ="8.5" texture="Gravel"/>
<wall row="8" col="10" xLength="1" yLength="1" zLength="1" centerX="10.5" centerY="0" centerZ="8.5" texture="Rock"/>
<wall row="8" col="11" xLength="1" yLength="2" zLength="1" centerX="11.5" centerY="0" centerZ="8.5" texture="Rock"/>
<wall row="8" col="12" xLength="1" yLength="1" zLength="1" centerX="12.5" centerY="0" centerZ="8.5" texture="Rock"/>
<wall row="8" col="15" xLength="1" yLength="10" zLength="1" centerX="15.5" centerY="0" centerZ="8.5" texture="Brick"/>
<wall row="8" col="21" xLength="1" yLength="10" zLength="1" centerX="21.5" centerY="0" centerZ="8.5" texture="Brick"/>
<wall row="10" col="1" xLength="1" yLength="3" zLength="1" centerX="1.5" centerY="0" centerZ="10.5" texture="Rock"/>
<wall row="10" col="23" xLength="1" yLength="3" zLength="1" centerX="23.5" centerY="0" centerZ="10.5" texture="Rock"/>
<wall row="11" col="1" xLength="1" yLength="6" zLength="1" centerX="1.5" centerY="0" centerZ="11.5" texture="Gravel"/>
<wall row="11" col="2" xLength="1" yLength="3" zLength="1" centerX="2.5" centerY="0" centerZ="11.5" texture="Rock"/>
<wall row="11" col="22" xLength="1" yLength="3" zLength="1" centerX="22.5" centerY="0" centerZ="11.5" texture="Rock"/>
<wall row="11" col="23" xLength="1" yLength="6" zLength="1" centerX="23.5" centerY="0" centerZ="11.5" texture="Gravel"/>
<wall row="12" col="1" xLength="1" yLength="3" zLength="1" centerX="1.5" centerY="0" centerZ="12.5" texture="Rock"/>
<wall row="12" col="17" xLength="3" yLength="1" zLength="1" centerX="18.5" centerY="0" centerZ="12.5" texture="Rock"/>
<wall row="12" col="23" xLength="1" yLength="3" zLength="1" centerX="23.5" centerY="0" centerZ="12.5" texture="Rock"/>
<wall row="13" col="10" xLength="1" yLength="1" zLength="1" centerX="10.5" centerY="0" centerZ="13.5" texture="Rock"/>
<wall row="13" col="11" xLength="1" yLength="2" zLength="1" centerX="11.5" centerY="0" centerZ="13.5" texture="Rock"/>
<wall row="13" col="12" xLength="1" yLength="1" zLength="1" centerX="12.5" centerY="0" centerZ="13.5" texture="Rock"/>
<wall row="13" col="17" xLength="3" yLength="2" zLength="1" centerX="18.5" centerY="0" centerZ="13.5" texture="Rock"/>
<wall row="14" col="0" xLength="2" yLength="5" zLength="1" centerX="1" centerY="0" centerZ="14.5" texture="Hedge"/>
<wall row="14" col="2" xLength="2" yLength="6" zLength="1" centerX="3" centerY="0" centerZ="14.5" texture="Gravel"/>
<wall row="14" col="4" xLength="1" yLength="7" zLength="1" centerX="4.5" centerY="0" centerZ="14.5" texture="Rock"/>
<wall row="14" col="5" xLength="2" yLength="10" zLength="1" centerX="6" centerY="0" centerZ="14.5" texture="Brick"/>
<wall row="14" col="7" xLength="1" yLength="7" zLength="1" centerX="7.5" centerY="0" centerZ="14.5" texture="Rock"/>
<wall row="14" col="8" xLength="2" yLength="6" zLength="1" centerX="9" centerY="0" centerZ="14.5" texture="Gravel"/>
<wall row="14" col="10" xLength="1" yLength="5" zLength="1" centerX="10.5" centerY="0" centerZ="14.5" texture="Hedge"/>
<wall row="14" col="11" xLength="1" yLength="6" zLength="1" centerX="11.5" centerY="0" centerZ="14.5" texture="Gravel"/>
<wall row="14" col="12" xLength="1" yLength="5" zLength="1" centerX="12.5" centerY="0" centerZ="14.5" texture="Hedge"/>
<wall row="14" col="17" xLength="1" yLength="2" zLength="1" centerX="17.5" centerY="0" centerZ="14.5" texture="Rock"/>
<wall row="14" col="18" xLength="1" yLength="3" zLength="2" centerX="18.5" centerY="0" centerZ="15" texture="Rock"/>
<wall row="14" col="19" xLength="1" yLength="2" zLength="1" centerX="19.5" centerY="0" centerZ="14.5" texture="Rock"/>
<wall row="14" col="24" xLength="1" yLength="5" zLength="1" centerX="24.5" centerY="0" centerZ="14.5" texture="Hedge"/>
<wall row="15" col="0" xLength="14" yLength="5" zLength="1" centerX="7" centerY="0" centerZ="15.5" texture="Hedge"/>
<wall row="15" col="14" xLength="1" yLength="1" zLength="1" centerX="14.5" centerY="0" centerZ="15.5" texture="Rock"/>
<wall row="15" col="23" xLength="1" yLength="3" zLength="1" centerX="23.5" centerY="0" centerZ="15.5" texture="Rock"/>
<wall row="15" col="24" xLength="1" yLength="8" zLength="1" centerX="24.5" centerY="0" centerZ="15.5" texture="Hedge"/>
<wall row="16" col="0" xLength="13" yLength="5" zLength="1" centerX="6.5" centerY="0" centerZ="16.5" texture="Hedge"/>
<wall row="16" col="13" xLength="1" yLength="6" zLength="1" centerX="13.5" centerY="0" centerZ="16.5" texture="Gravel"/>
<wall row="16" col="14" xLength="1" yLength="2" zLength="1" centerX="14.5" centerY="0" centerZ="16.5" texture="Rock"/>
<wall row="16" col="22" xLength="1" yLength="3" zLength="1" centerX="22.5" centerY="0" centerZ="16.5" texture="Rock"/>
<wall row="16" col="23" xLength="1" yLength="6" zLength="1" centerX="23.5" centerY="0" centerZ="16.5" texture="Gravel"/>
<wall row="16" col="24" xLength="1" yLength="8" zLength="1" centerX="24.5" centerY="0" centerZ="16.5" texture="Hedge"/>
<wall row="17" col="0" xLength="14" yLength="5" zLength="1" centerX="7" centerY="0" centerZ="17.5" texture="Hedge"/>
<wall row="17" col="14" xLength="1" yLength="1" zLength="1" centerX="14.5" centerY="0" centerZ="17.5" texture="Rock"/>
<wall row="17" col="23" xLength="1" yLength="3" zLength="1" centerX="23.5" centerY="0" centerZ="17.5" texture="Rock"/>
<wall row="17" col="24" xLength="1" yLength="5" zLength="1" centerX="24.5" centerY="0" centerZ="17.5" texture="Hedge"/>
<wall row="18" col="0" xLength="1" yLength="5" zLength="6" centerX="0.5" centerY="0" centerZ="21" texture="Hedge"/>
<wall row="18" col="1" xLength="1" yLength="6" zLength="1" centerX="1.5" centerY="0" centerZ="18.5" texture="Gravel"/>
<wall row="18" col="2" xLength="1" yLength="3" zLength="1" centerX="2.5" centerY="0" centerZ="18.5" texture="Rock"/>
<wall row="18" col="8" xLength="1" yLength="3" zLength="1" centerX="8.5" centerY="0" centerZ="18.5" texture="Rock"/>
<wall row="18" col="9" xLength="1" yLength="5" zLength="1" centerX="9.5" centerY="0" centerZ="18.5" texture="Hedge"/>
<wall row="18" col="10" xLength="2" yLength="6" zLength="1" centerX="11" centerY="0" centerZ="18.5" texture="Gravel"/>
<wall row="18" col="12" xLength="1" yLength="5" zLength="1" centerX="12.5" centerY="0" centerZ="18.5" texture="Hedge"/>
<wall row="18" col="18" xLength="1" yLength="3" zLength="2" centerX="18.5" centerY="0" centerZ="19" texture="Rock"/>
<wall row="18" col="24" xLength="1" yLength="5" zLength="2" centerX="24.5" centerY="0" centerZ="19" texture="Hedge"/>
<wall row="19" col="1" xLength="1" yLength="3" zLength="1" centerX="1.5" centerY="0" centerZ="19.5" texture="Rock"/>
<wall row="19" col="9" xLength="1" yLength="1" zLength="1" centerX="9.5" centerY="0" centerZ="19.5" texture="Rock"/>
<wall row="19" col="10" xLength="2" yLength="2" zLength="1" centerX="11" centerY="0" centerZ="19.5" texture="Rock"/>
<wall row="19" col="12" xLength="1" yLength="1" zLength="1" centerX="12.5" centerY="0" centerZ="19.5" texture="Rock"/>
<wall row="19" col="17" xLength="1" yLength="2" zLength="1" centerX="17.5" centerY="0" centerZ="19.5" texture="Rock"/>
<wall row="19" col="19" xLength="1" yLength="2" zLength="1" centerX="19.5" centerY="0" centerZ="19.5" texture="Rock"/>
<wall row="20" col="17" xLength="3" yLength="2" zLength="1" centerX="18.5" centerY="0" centerZ="20.5" texture="Rock"/>
<wall row="20" col="24" xLength="1" yLength="8" zLength="2" centerX="24.5" centerY="0" centerZ="21" texture="Hedge"/>
<wall row="21" col="17" xLength="3" yLength="1" zLength="1" centerX="18.5" centerY="0" centerZ="21.5" texture="Rock"/>
<wall row="22" col="1" xLength="1" yLength="3" zLength="1" centerX="1.5" centerY="0" centerZ="22.5" texture="Rock"/>
<wall row="22" col="9" xLength="1" yLength="1" zLength="1" centerX="9.5" centerY="0" centerZ="22.5" texture="Rock"/>
<wall row="22" col="10" xLength="2" yLength="2" zLength="1" centerX="11" centerY="0" centerZ="22.5" texture="Rock"/>
<wall row="22" col="12" xLength="1" yLength="1" zLength="1" centerX="12.5" centerY="0" centerZ="22.5" texture="Rock"/>
<wall row="22" col="24" xLength="1" yLength="5" zLength="1" centerX="24.5" centerY="0" centerZ="22.5" texture="Hedge"/>
<wall row="23" col="1" xLength="1" yLength="6" zLength="1" centerX="1.5" centerY="0" centerZ="23.5" texture="Gravel"/>
<wall row="23" col="2" xLength="1" yLength="3" zLength="1" centerX="2.5" centerY="0" centerZ="23.5" texture="Rock"/>
<wall row="23" col="8" xLength="1" yLength="3" zLength="1" centerX="8.5" centerY="0" centerZ="23.5" texture="Rock"/>
<wall row="23" col="9" xLength="1" yLength="5" zLength="1" centerX="9.5" centerY="0" centerZ="23.5" texture="Hedge"/>
<wall row="23" col="10" xLength="2" yLength="6" zLength="1" centerX="11" centerY="0" centerZ="23.5" texture="Gravel"/>
<wall row="23" col="12" xLength="1" yLength="5" zLength="1" centerX="12.5" centerY="0" centerZ="23.5" texture="Hedge"/>
<wall row="23" col="24" xLength="1" yLength="5" zLength="1" centerX="24.5" centerY="0" centerZ="23.5" texture="Hedge"/>
<wall row="24" col="0" xLength="4" yLength="5" zLength="1" centerX="2" centerY="0" centerZ="24.5" texture="Hedge"/>
<wall row="24" col="7" xLength="18" yLength="5" zLength="1" centerX="16" centerY="0" centerZ="24.5" texture="Hedge"/>
</walls>
<floors>
<floor row="1" col="0" xLength="1" zLength="1" centerX="0.5" centerY="0" centerZ="1.5" texture="Floor"/>
<floor row="1" col="4" xLength="3" zLength="1" centerX="5.5" centerY="0" centerZ="1.5" texture="Floor"/>
<floor row="2" col="2" xLength="8" zLength="1" centerX="6" centerY="0" centerZ="2.5" texture="Floor"/>
<floor row="2" col="13" xLength="2" zLength="1" centerX="14" centerY="0" centerZ="2.5" texture="Floor"/>
<floor row="2" col="22" xLength="2" zLength="1" centerX="23" centerY="0" centerZ="2.5" texture="Floor"/>
<floor row="3" col="1" xLength="10" zLength="2" centerX="6" centerY="0" centerZ="4" texture="Floor"/>
<floor row="3" col="12" xLength="3" zLength="1" centerX="13.5" centerY="0" centerZ="3.5" texture="Floor"/>
<floor row="3" col="16" xLength="5" zLength="1" centerX="18.5" centerY="0" centerZ="3.5" texture="Floor"/>
<floor row="3" col="22" xLength="2" zLength="1" centerX="23" centerY="0" centerZ="3.5" texture="Floor"/>
<floor row="4" col="12" xLength="5" zLength="2" centerX="14.5" centerY="0" centerZ="5" texture="Floor"/>
<floor row="4" col="20" xLength="4" zLength="2" centerX="22" centerY="0" centerZ="5" texture="Floor"/>
<floor row="5" col="2" xLength="9" zLength="1" centerX="6.5" centerY="0" centerZ="5.5" texture="Floor"/>
<floor row="6" col="1" xLength="9" zLength="2" centerX="5.5" centerY="0" centerZ="7" texture="Floor"/>
<floor row="6" col="13" xLength="4" zLength="1" centerX="15" centerY="0" centerZ="6.5" texture="Floor"/>
<floor row="6" col="20" xLength="4" zLength="1" centerX="22" centerY="0" centerZ="6.5" texture="Floor"/>
<floor row="7" col="13" xLength="2" zLength="2" centerX="14" centerY="0" centerZ="8" texture="Floor"/>
<floor row="7" col="16" xLength="5" zLength="2" centerX="18.5" centerY="0" centerZ="8" texture="Floor"/>
<floor row="7" col="22" xLength="2" zLength="2" centerX="23" centerY="0" centerZ="8" texture="Floor"/>
<floor row="8" col="2" xLength="8" zLength="1" centerX="6" centerY="0" centerZ="8.5" texture="Floor"/>
<floor row="9" col="1" xLength="23" zLength="1" centerX="12.5" centerY="0" centerZ="9.5" texture="Floor"/>
<floor row="10" col="2" xLength="21" zLength="1" centerX="12.5" centerY="0" centerZ="10.5" texture="Floor"/>
<floor row="11" col="3" xLength="19" zLength="1" centerX="12.5" centerY="0" centerZ="11.5" texture="Floor"/>
<floor row="12" col="2" xLength="15" zLength="1" centerX="9.5" centerY="0" centerZ="12.5" texture="Floor"/>
<floor row="12" col="20" xLength="3" zLength="1" centerX="21.5" centerY="0" centerZ="12.5" texture="Floor"/>
<floor row="13" col="1" xLength="9" zLength="1" centerX="5.5" centerY="0" centerZ="13.5" texture="Floor"/>
<floor row="13" col="13" xLength="4" zLength="2" centerX="15" centerY="0" centerZ="14" texture="Floor"/>
<floor row="13" col="20" xLength="4" zLength="2" centerX="22" centerY="0" centerZ="14" texture="Floor"/>
<floor row="15" col="15" xLength="3" zLength="1" centerX="16.5" centerY="0" centerZ="15.5" texture="Floor"/>
<floor row="15" col="19" xLength="4" zLength="1" centerX="21" centerY="0" centerZ="15.5" texture="Floor"/>
<floor row="16" col="15" xLength="7" zLength="1" centerX="18.5" centerY="0" centerZ="16.5" texture="Floor"/>
<floor row="17" col="15" xLength="8" zLength="1" centerX="19" centerY="0" centerZ="17.5" texture="Floor"/>
<floor row="18" col="3" xLength="5" zLength="1" centerX="5.5" centerY="0" centerZ="18.5" texture="Floor"/>
<floor row="18" col="13" xLength="5" zLength="1" centerX="15.5" centerY="0" centerZ="18.5" texture="Floor"/>
<floor row="18" col="19" xLength="5" zLength="1" centerX="21.5" centerY="0" centerZ="18.5" texture="Floor"/>
<floor row="19" col="2" xLength="7" zLength="1" centerX="5.5" centerY="0" centerZ="19.5" texture="Floor"/>
<floor row="19" col="13" xLength="4" zLength="1" centerX="15" centerY="0" centerZ="19.5" texture="Floor"/>
<floor row="19" col="20" xLength="4" zLength="3" centerX="22" centerY="0" centerZ="20.5" texture="Floor"/>
<floor row="20" col="1" xLength="9" zLength="2" centerX="5.5" centerY="0" centerZ="21" texture="Floor"/>
<floor row="20" col="12" xLength="5" zLength="2" centerX="14.5" centerY="0" centerZ="21" texture="Floor"/>
<floor row="22" col="2" xLength="7" zLength="1" centerX="5.5" centerY="0" centerZ="22.5" texture="Floor"/>
<floor row="22" col="13" xLength="11" zLength="2" centerX="18.5" centerY="0" centerZ="23" texture="Floor"/>
<floor row="23" col="3" xLength="5" zLength="1" centerX="5.5" centerY="0" centerZ="23.5" texture="Floor"/>
<floor row="24" col="4" xLength="3" zLength="1" centerX="5.5" centerY="0" centerZ="24.5" texture="Floor"/>
</floors>
<spawns>
<spawn row="2" col="4" xLength="3" zLength="1" centerX="5.5" centerY="0" centerZ="2.5" dir="up"/>
</spawns>
<exits>
<exit row="1" col="4" xLength="3" zLength="1" centerX="5.5" centerY="0" centerZ="1.5" file="level5.xml"/>
<exit row="24" col="4" xLength="3" zLength="1" centerX="5.5" centerY="0" centerZ="24.5" file="level7.xml"/>
</exits>
<cubes>
</cubes>
<crests>
</crests>
</level>