<level>
<walls>
<wall row="10" col="14" xLength="4" yLength="9" zLength="1" centerX="16" centerY="1" centerZ="10.5" texture="Rock"/>
<wall row="11" col="14" xLength="1" yLength="9" zLength="2" centerX="14.5" centerY="1" centerZ="12" texture="Rock"/>
<wall row="11" col="16" xLength="1" yLength="9" zLength="1" centerX="16.5" centerY="1" centerZ="11.5" texture="Rock"/>
<wall row="11" col="18" xLength="4" yLength="8" zLength="1" centerX="20" centerY="1" centerZ="11.5" texture="Rock"/>
<wall row="11" col="22" xLength="1" yLength="7" zLength="1" centerX="22.5" centerY="1" centerZ="11.5" texture="Rock"/>
<wall row="12" col="22" xLength="2" yLength="7" zLength="1" centerX="23" centerY="1" centerZ="12.5" texture="Rock"/>
<wall row="13" col="23" xLength="2" yLength="7" zLength="1" centerX="24" centerY="1" centerZ="13.5" texture="Rock"/>
<wall row="14" col="24" xLength="1" yLength="7" zLength="1" centerX="24.5" centerY="1" centerZ="14.5" texture="Rock"/>
<wall row="15" col="24" xLength="1" yLength="6" zLength="1" centerX="24.5" centerY="1" centerZ="15.5" texture="Hedge"/>
<wall row="16" col="14" xLength="1" yLength="8" zLength="4" centerX="14.5" centerY="1" centerZ="18" texture="Rock"/>
<wall row="16" col="24" xLength="1" yLength="6" zLength="3" centerX="24.5" centerY="1" centerZ="17.5" texture="Hedge"/>
<wall row="17" col="15" xLength="1" yLength="7" zLength="4" centerX="15.5" centerY="1" centerZ="19" texture="Rock"/>
<wall row="18" col="16" xLength="1" yLength="6" zLength="4" centerX="16.5" centerY="1" centerZ="20" texture="Hedge"/>
<wall row="19" col="24" xLength="1" yLength="5" zLength="3" centerX="24.5" centerY="1" centerZ="20.5" texture="Hedge"/>
<wall row="22" col="16" xLength="1" yLength="5" zLength="2" centerX="16.5" centerY="1" centerZ="23" texture="Hedge"/>
<wall row="22" col="24" xLength="1" yLength="5" zLength="2" centerX="24.5" centerY="1" centerZ="23" texture="Hedge"/>
<wall row="24" col="16" xLength="3" yLength="5" zLength="1" centerX="17.5" centerY="1" centerZ="24.5" texture="Hedge"/>
<wall row="24" col="22" xLength="3" yLength="5" zLength="1" centerX="23.5" centerY="1" centerZ="24.5" texture="Hedge"/>
</walls>
<floors>
<floor row="13" col="14" xLength="1" zLength="3" centerX="14.5" centerY="6" centerZ="14.5" texture="Floor"/>
<floor row="13" col="22" xLength="1" zLength="1" centerX="22.5" centerY="1" centerZ="13.5" texture="Floor"/>
<floor row="14" col="18" xLength="1" zLength="1" centerX="18.5" centerY="1" centerZ="14.5" texture="Floor"/>
<floor row="17" col="19" xLength="3" zLength="1" centerX="20.5" centerY="1" centerZ="17.5" texture="Floor"/>
<floor row="18" col="18" xLength="4" zLength="1" centerX="20" centerY="1" centerZ="18.5" texture="Floor"/>
<floor row="19" col="18" xLength="6" zLength="1" centerX="21" centerY="1" centerZ="19.5" texture="Floor"/>
<floor row="20" col="18" xLength="3" zLength="1" centerX="19.5" centerY="1" centerZ="20.5" texture="Floor"/>
<floor row="20" col="23" xLength="1" zLength="2" centerX="23.5" centerY="1" centerZ="21" texture="Floor"/>
<floor row="21" col="17" xLength="4" zLength="1" centerX="19" centerY="1" centerZ="21.5" texture="Floor"/>
<floor row="22" col="17" xLength="7" zLength="2" centerX="20.5" centerY="1" centerZ="23" texture="Floor"/>
<floor row="24" col="19" xLength="3" zLength="1" centerX="20.5" centerY="1" centerZ="24.5" texture="Floor"/>
</floors>
<spawns>
<spawn row="22" col="20" xLength="1" zLength="1" centerX="20.5" centerY="1" centerZ="22.5" dir="down"/>
</spawns>
<exits>
<exit row="13" col="14" xLength="1" zLength="3" centerX="14.5" centerY="1" centerZ="14.5" file="level48.xml"/>
<exit row="24" col="19" xLength="3" zLength="1" centerX="20.5" centerY="1" centerZ="24.5" file="level9.xml"/>
</exits>
<cubes>
<cube row="11" col="15" xLength="1" yLength="7" zLength="1" centerX="15.5" centerY="1" centerZ="11.5" translateX="-49" translateY="-9" translateZ="-49" texture="Slate"/>
<cube row="11" col="17" xLength="1" yLength="7" zLength="1" centerX="17.5" centerY="1" centerZ="11.5" translateX="-49" translateY="-9" translateZ="-49" texture="Slate"/>
<cube row="12" col="15" xLength="4" yLength="5" zLength="2" centerX="17" centerY="1" centerZ="13" translateX="-49" translateY="-9" translateZ="-49" texture="Slate"/>
<cube row="12" col="19" xLength="3" yLength="7" zLength="1" centerX="20.5" centerY="1" centerZ="12.5" translateX="-49" translateY="-9" translateZ="-49" texture="Slate"/>
<cube row="13" col="19" xLength="3" yLength="4" zLength="1" centerX="20.5" centerY="1" centerZ="13.5" translateX="-49" translateY="-9" translateZ="-49" texture="Slate"/>
<cube row="13" col="22" xLength="1" yLength="3" zLength="1" centerX="22.5" centerY="1" centerZ="13.5" translateX="-49" translateY="-9" translateZ="-49" texture="Slate"/>
<cube row="14" col="15" xLength="3" yLength="5" zLength="1" centerX="16.5" centerY="1" centerZ="14.5" translateX="-49" translateY="-9" translateZ="-49" texture="Slate"/>
<cube row="14" col="18" xLength="6" yLength="4" zLength="1" centerX="21" centerY="1" centerZ="14.5" translateX="-49" translateY="-9" translateZ="-49" texture="Slate"/>
<cube row="15" col="15" xLength="2" yLength="5" zLength="1" centerX="16" centerY="1" centerZ="15.5" translateX="-49" translateY="-9" translateZ="-49" texture="Slate"/>
<cube row="15" col="17" xLength="2" yLength="4" zLength="1" centerX="18" centerY="1" centerZ="15.5" translateX="-49" translateY="-9" translateZ="-49" texture="Slate"/>
<cube row="15" col="19" xLength="5" yLength="3" zLength="1" centerX="21.5" centerY="1" centerZ="15.5" translateX="-49" translateY="-9" translateZ="-49" texture="Slate"/>
<cube row="16" col="15" xLength="1" yLength="5" zLength="1" centerX="15.5" centerY="1" centerZ="16.5" translateX="-49" translateY="-9" translateZ="-49" texture="Slate"/>
<cube row="16" col="16" xLength="1" yLength="4" zLength="2" centerX="16.5" centerY="1" centerZ="17" translateX="-49" translateY="-9" translateZ="-49" texture="Slate"/>
<cube row="16" col="17" xLength="2" yLength="2" zLength="2" centerX="18" centerY="1" centerZ="17" translateX="-49" translateY="-9" translateZ="-49" texture="Slate"/>
<cube row="16" col="19" xLength="5" yLength="3" zLength="1" centerX="21.5" centerY="1" centerZ="16.5" translateX="-49" translateY="-9" translateZ="-49" texture="Slate"/>
<cube row="17" col="22" xLength="2" yLength="2" zLength="1" centerX="23" centerY="1" centerZ="17.5" translateX="-49" translateY="-9" translateZ="-49" texture="Slate"/>
<cube row="18" col="17" xLength="1" yLength="1" zLength="3" centerX="17.5" centerY="1" centerZ="19.5" translateX="-49" translateY="-9" translateZ="-49" texture="Slate"/>
<cube row="18" col="22" xLength="2" yLength="2" zLength="1" centerX="23" centerY="1" centerZ="18.5" translateX="-49" translateY="-9" translateZ="-49" texture="Slate"/>
<cube row="20" col="21" xLength="2" yLength="1" zLength="2" centerX="22" centerY="1" centerZ="21" translateX="-49" translateY="-9" translateZ="-49" texture="Slate"/>
</cubes>
<crests>
</crests>
</level>