<level>
<walls>
<wall row="12" col="1" xLength="24" yLength="6" zLength="1" centerX="13" centerY="0" centerZ="12.5" texture="Hedge"/>
<wall row="13" col="1" xLength="1" yLength="6" zLength="5" centerX="1.5" centerY="0" centerZ="15.5" texture="Hedge"/>
<wall row="13" col="2" xLength="1" yLength="8" zLength="1" centerX="2.5" centerY="0" centerZ="13.5" texture="Rock"/>
<wall row="13" col="3" xLength="1" yLength="7" zLength="1" centerX="3.5" centerY="0" centerZ="13.5" texture="Rock"/>
<wall row="13" col="6" xLength="1" yLength="7" zLength="1" centerX="6.5" centerY="0" centerZ="13.5" texture="Rock"/>
<wall row="13" col="18" xLength="1" yLength="7" zLength="1" centerX="18.5" centerY="0" centerZ="13.5" texture="Rock"/>
<wall row="13" col="22" xLength="1" yLength="7" zLength="1" centerX="22.5" centerY="0" centerZ="13.5" texture="Rock"/>
<wall row="13" col="24" xLength="1" yLength="6" zLength="1" centerX="24.5" centerY="0" centerZ="13.5" texture="Hedge"/>
<wall row="17" col="2" xLength="1" yLength="8" zLength="1" centerX="2.5" centerY="0" centerZ="17.5" texture="Rock"/>
<wall row="17" col="3" xLength="1" yLength="7" zLength="1" centerX="3.5" centerY="0" centerZ="17.5" texture="Rock"/>
<wall row="17" col="6" xLength="1" yLength="7" zLength="1" centerX="6.5" centerY="0" centerZ="17.5" texture="Rock"/>
<wall row="17" col="18" xLength="1" yLength="7" zLength="1" centerX="18.5" centerY="0" centerZ="17.5" texture="Rock"/>
<wall row="17" col="22" xLength="1" yLength="7" zLength="1" centerX="22.5" centerY="0" centerZ="17.5" texture="Rock"/>
<wall row="17" col="24" xLength="1" yLength="6" zLength="1" centerX="24.5" centerY="0" centerZ="17.5" texture="Hedge"/>
<wall row="18" col="1" xLength="24" yLength="6" zLength="1" centerX="13" centerY="0" centerZ="18.5" texture="Hedge"/>
</walls>
<floors>
<floor row="13" col="4" xLength="2" zLength="1" centerX="5" centerY="0" centerZ="13.5" texture="Floor"/>
<floor row="13" col="20" xLength="2" zLength="1" centerX="21" centerY="0" centerZ="13.5" texture="Floor"/>
<floor row="13" col="23" xLength="1" zLength="1" centerX="23.5" centerY="0" centerZ="13.5" texture="Floor"/>
<floor row="14" col="2" xLength="5" zLength="3" centerX="4.5" centerY="0" centerZ="15.5" texture="Floor"/>
<floor row="14" col="20" xLength="5" zLength="3" centerX="22.5" centerY="0" centerZ="15.5" texture="Floor"/>
<floor row="17" col="4" xLength="2" zLength="1" centerX="5" centerY="0" centerZ="17.5" texture="Floor"/>
<floor row="17" col="20" xLength="2" zLength="1" centerX="21" centerY="0" centerZ="17.5" texture="Floor"/>
<floor row="17" col="23" xLength="1" zLength="1" centerX="23.5" centerY="0" centerZ="17.5" texture="Floor"/>
</floors>
<spawns>
<spawn row="14" col="2" xLength="1" zLength="3" centerX="2.5" centerY="0" centerZ="15.5" dir="right"/>
</spawns>
<exits>
<exit row="14" col="24" xLength="1" zLength="3" centerX="24.5" centerY="0" centerZ="15.5" file="level15.xml"/>
</exits>
<cubes>
</cubes>
<crests>
<crest row="15" col="7" xLength="2" yLength="1" zLength="1" centerX="8" centerY="0" centerZ="15.5" effect="4" target="" dir="down" placement="platform"/>
<crest row="15" col="10" xLength="2" yLength="1" zLength="1" centerX="11" centerY="1" centerZ="15.5" effect="4" target="" dir="down" placement="platform"/>
<crest row="15" col="13" xLength="2" yLength="1" zLength="1" centerX="14" centerY="2" centerZ="15.5" effect="4" target="" dir="down" placement="platform"/>
<crest row="15" col="16" xLength="3" yLength="1" zLength="1" centerX="17.5" centerY="3" centerZ="15.5" effect="4" target="" dir="down" placement="platform"/>
</crests>
</level>