<level>
<walls>
<wall row="0" col="19" xLength="1" yLength="5" zLength="3" centerX="19.5" centerY="0" centerZ="1.5" texture="Hedge"/>
<wall row="0" col="23" xLength="1" yLength="5" zLength="3" centerX="23.5" centerY="0" centerZ="1.5" texture="Hedge"/>
</walls>
<floors>
<floor row="0" col="20" xLength="3" zLength="3" centerX="21.5" centerY="0" centerZ="1.5" texture="Floor"/>
</floors>
<spawns>
<spawn row="1" col="21" xLength="1" zLength="1" centerX="21.5" centerY="0" centerZ="1.5" dir="up"/>
</spawns>
<exits>
<exit row="0" col="20" xLength="3" zLength="1" centerX="21.5" centerY="0" centerZ="0.5" file="level4.xml"/>
<exit row="2" col="20" xLength="3" zLength="1" centerX="21.5" centerY="0" centerZ="2.5" file="level6.xml"/>
</exits>
<cubes>
</cubes>
<crests>
</crests>
</level>