<level>
<walls>
<wall row="1" col="10" xLength="1" yLength="8" zLength="1" centerX="10.5" centerY="0" centerZ="1.5" texture="Rock"/>
<wall row="1" col="11" xLength="1" yLength="7" zLength="1" centerX="11.5" centerY="0" centerZ="1.5" texture="Tiles"/>
<wall row="1" col="12" xLength="2" yLength="10" zLength="1" centerX="13" centerY="0" centerZ="1.5" texture="Rock"/>
<wall row="1" col="14" xLength="1" yLength="5" zLength="1" centerX="14.5" centerY="0" centerZ="1.5" texture="Hedge"/>
<wall row="1" col="18" xLength="1" yLength="5" zLength="1" centerX="18.5" centerY="0" centerZ="1.5" texture="Hedge"/>
<wall row="1" col="19" xLength="2" yLength="10" zLength="1" centerX="20" centerY="0" centerZ="1.5" texture="Rock"/>
<wall row="1" col="21" xLength="1" yLength="7" zLength="1" centerX="21.5" centerY="0" centerZ="1.5" texture="Tiles"/>
<wall row="1" col="22" xLength="1" yLength="8" zLength="1" centerX="22.5" centerY="0" centerZ="1.5" texture="Rock"/>
<wall row="2" col="12" xLength="1" yLength="7" zLength="1" centerX="12.5" centerY="0" centerZ="2.5" texture="Tiles"/>
<wall row="2" col="13" xLength="2" yLength="9" zLength="1" centerX="14" centerY="0" centerZ="2.5" texture="Tiles"/>
<wall row="2" col="18" xLength="2" yLength="9" zLength="1" centerX="19" centerY="0" centerZ="2.5" texture="Tiles"/>
<wall row="2" col="20" xLength="1" yLength="7" zLength="1" centerX="20.5" centerY="0" centerZ="2.5" texture="Tiles"/>
<wall row="3" col="14" xLength="1" yLength="7" zLength="1" centerX="14.5" centerY="0" centerZ="3.5" texture="Tiles"/>
<wall row="3" col="18" xLength="1" yLength="7" zLength="1" centerX="18.5" centerY="0" centerZ="3.5" texture="Tiles"/>
<wall row="4" col="14" xLength="1" yLength="5" zLength="3" centerX="14.5" centerY="0" centerZ="5.5" texture="Hedge"/>
<wall row="4" col="18" xLength="1" yLength="5" zLength="3" centerX="18.5" centerY="0" centerZ="5.5" texture="Hedge"/>
<wall row="7" col="11" xLength="1" yLength="9" zLength="1" centerX="11.5" centerY="0" centerZ="7.5" texture="Rock"/>
<wall row="7" col="12" xLength="3" yLength="5" zLength="1" centerX="13.5" centerY="0" centerZ="7.5" texture="Hedge"/>
<wall row="7" col="18" xLength="3" yLength="5" zLength="1" centerX="19.5" centerY="0" centerZ="7.5" texture="Hedge"/>
<wall row="7" col="21" xLength="1" yLength="9" zLength="1" centerX="21.5" centerY="0" centerZ="7.5" texture="Rock"/>
<wall row="8" col="5" xLength="1" yLength="9" zLength="1" centerX="5.5" centerY="0" centerZ="8.5" texture="Rock"/>
<wall row="8" col="11" xLength="1" yLength="5" zLength="1" centerX="11.5" centerY="0" centerZ="8.5" texture="Hedge"/>
<wall row="8" col="12" xLength="1" yLength="2" zLength="1" centerX="12.5" centerY="0" centerZ="8.5" texture="Tiles"/>
<wall row="8" col="14" xLength="1" yLength="1" zLength="1" centerX="14.5" centerY="0" centerZ="8.5" texture="Tiles"/>
<wall row="8" col="18" xLength="1" yLength="1" zLength="1" centerX="18.5" centerY="0" centerZ="8.5" texture="Tiles"/>
<wall row="8" col="20" xLength="1" yLength="2" zLength="1" centerX="20.5" centerY="0" centerZ="8.5" texture="Tiles"/>
<wall row="8" col="21" xLength="1" yLength="5" zLength="10" centerX="21.5" centerY="0" centerZ="13" texture="Hedge"/>
<wall row="9" col="3" xLength="1" yLength="9" zLength="1" centerX="3.5" centerY="0" centerZ="9.5" texture="Rock"/>
<wall row="9" col="4" xLength="8" yLength="5" zLength="1" centerX="8" centerY="0" centerZ="9.5" texture="Hedge"/>
<wall row="10" col="3" xLength="1" yLength="5" zLength="1" centerX="3.5" centerY="0" centerZ="10.5" texture="Hedge"/>
<wall row="11" col="2" xLength="1" yLength="9" zLength="1" centerX="2.5" centerY="0" centerZ="11.5" texture="Rock"/>
<wall row="11" col="3" xLength="1" yLength="5" zLength="6" centerX="3.5" centerY="0" centerZ="14" texture="Hedge"/>
<wall row="13" col="8" xLength="1" yLength="4" zLength="1" centerX="8.5" centerY="0" centerZ="13.5" texture="Hedge"/>
<wall row="13" col="12" xLength="1" yLength="4" zLength="1" centerX="12.5" centerY="0" centerZ="13.5" texture="Hedge"/>
<wall row="14" col="7" xLength="1" yLength="4" zLength="1" centerX="7.5" centerY="0" centerZ="14.5" texture="Hedge"/>
<wall row="14" col="8" xLength="1" yLength="5" zLength="1" centerX="8.5" centerY="0" centerZ="14.5" texture="Rock"/>
<wall row="14" col="12" xLength="1" yLength="5" zLength="1" centerX="12.5" centerY="0" centerZ="14.5" texture="Rock"/>
<wall row="14" col="20" xLength="1" yLength="3" zLength="1" centerX="20.5" centerY="0" centerZ="14.5" texture="Tiles"/>
<wall row="15" col="12" xLength="1" yLength="2" zLength="1" centerX="12.5" centerY="0" centerZ="15.5" texture="Hedge"/>
<wall row="16" col="2" xLength="1" yLength="9" zLength="1" centerX="2.5" centerY="0" centerZ="16.5" texture="Rock"/>
<wall row="16" col="12" xLength="1" yLength="2" zLength="1" centerX="12.5" centerY="0" centerZ="16.5" texture="Hedge"/>
<wall row="16" col="22" xLength="1" yLength="9" zLength="1" centerX="22.5" centerY="0" centerZ="16.5" texture="Rock"/>
<wall row="17" col="1" xLength="3" yLength="5" zLength="1" centerX="2.5" centerY="0" centerZ="17.5" texture="Hedge"/>
<wall row="17" col="12" xLength="1" yLength="7" zLength="1" centerX="12.5" centerY="0" centerZ="17.5" texture="Rock"/>
<wall row="18" col="1" xLength="1" yLength="5" zLength="1" centerX="1.5" centerY="0" centerZ="18.5" texture="Hedge"/>
<wall row="18" col="7" xLength="1" yLength="4" zLength="1" centerX="7.5" centerY="0" centerZ="18.5" texture="Hedge"/>
<wall row="18" col="8" xLength="1" yLength="5" zLength="1" centerX="8.5" centerY="0" centerZ="18.5" texture="Rock"/>
<wall row="18" col="9" xLength="2" yLength="2" zLength="1" centerX="10" centerY="0" centerZ="18.5" texture="Hedge"/>
<wall row="18" col="11" xLength="1" yLength="7" zLength="1" centerX="11.5" centerY="0" centerZ="18.5" texture="Rock"/>
<wall row="18" col="12" xLength="1" yLength="8" zLength="1" centerX="12.5" centerY="0" centerZ="18.5" texture="Rock"/>
<wall row="18" col="13" xLength="1" yLength="9" zLength="1" centerX="13.5" centerY="0" centerZ="18.5" texture="Rock"/>
<wall row="18" col="20" xLength="1" yLength="3" zLength="1" centerX="20.5" centerY="0" centerZ="18.5" texture="Tiles"/>
<wall row="18" col="21" xLength="1" yLength="5" zLength="5" centerX="21.5" centerY="0" centerZ="20.5" texture="Hedge"/>
<wall row="19" col="12" xLength="1" yLength="9" zLength="1" centerX="12.5" centerY="0" centerZ="19.5" texture="Rock"/>
<wall row="19" col="13" xLength="1" yLength="10" zLength="1" centerX="13.5" centerY="0" centerZ="19.5" texture="Rock"/>
<wall row="22" col="1" xLength="1" yLength="5" zLength="1" centerX="1.5" centerY="0" centerZ="22.5" texture="Hedge"/>
<wall row="23" col="1" xLength="2" yLength="5" zLength="1" centerX="2" centerY="0" centerZ="23.5" texture="Hedge"/>
<wall row="23" col="8" xLength="1" yLength="3" zLength="1" centerX="8.5" centerY="0" centerZ="23.5" texture="Tiles"/>
<wall row="23" col="12" xLength="1" yLength="3" zLength="1" centerX="12.5" centerY="0" centerZ="23.5" texture="Tiles"/>
<wall row="23" col="20" xLength="2" yLength="5" zLength="1" centerX="21" centerY="0" centerZ="23.5" texture="Hedge"/>
<wall row="24" col="2" xLength="1" yLength="9" zLength="1" centerX="2.5" centerY="0" centerZ="24.5" texture="Rock"/>
<wall row="24" col="3" xLength="18" yLength="5" zLength="1" centerX="12" centerY="0" centerZ="24.5" texture="Hedge"/>
<wall row="24" col="21" xLength="1" yLength="9" zLength="1" centerX="21.5" centerY="0" centerZ="24.5" texture="Rock"/>
</walls>
<floors>
<floor row="1" col="15" xLength="3" zLength="7" centerX="16.5" centerY="0" centerZ="4.5" texture="Floor"/>
<floor row="8" col="13" xLength="1" zLength="1" centerX="13.5" centerY="0" centerZ="8.5" texture="Floor"/>
<floor row="8" col="15" xLength="3" zLength="1" centerX="16.5" centerY="0" centerZ="8.5" texture="Floor"/>
<floor row="8" col="19" xLength="1" zLength="1" centerX="19.5" centerY="0" centerZ="8.5" texture="Floor"/>
<floor row="9" col="12" xLength="9" zLength="1" centerX="16.5" centerY="0" centerZ="9.5" texture="Floor"/>
<floor row="10" col="4" xLength="17" zLength="3" centerX="12.5" centerY="0" centerZ="11.5" texture="Floor"/>
<floor row="13" col="4" xLength="4" zLength="1" centerX="6" centerY="0" centerZ="13.5" texture="Floor"/>
<floor row="13" col="9" xLength="3" zLength="2" centerX="10.5" centerY="0" centerZ="14" texture="Floor"/>
<floor row="13" col="13" xLength="8" zLength="1" centerX="17" centerY="0" centerZ="13.5" texture="Floor"/>
<floor row="14" col="4" xLength="3" zLength="1" centerX="5.5" centerY="0" centerZ="14.5" texture="Floor"/>
<floor row="14" col="13" xLength="7" zLength="1" centerX="16.5" centerY="0" centerZ="14.5" texture="Floor"/>
<floor row="15" col="4" xLength="8" zLength="3" centerX="8" centerY="0" centerZ="16.5" texture="Floor"/>
<floor row="15" col="13" xLength="8" zLength="3" centerX="17" centerY="0" centerZ="16.5" texture="Floor"/>
<floor row="18" col="2" xLength="5" zLength="1" centerX="4.5" centerY="0" centerZ="18.5" texture="Floor"/>
<floor row="18" col="14" xLength="6" zLength="1" centerX="17" centerY="0" centerZ="18.5" texture="Floor"/>
<floor row="19" col="1" xLength="11" zLength="1" centerX="6.5" centerY="0" centerZ="19.5" texture="Floor"/>
<floor row="19" col="14" xLength="7" zLength="1" centerX="17.5" centerY="0" centerZ="19.5" texture="Floor"/>
<floor row="20" col="1" xLength="20" zLength="2" centerX="11" centerY="0" centerZ="21" texture="Floor"/>
<floor row="22" col="2" xLength="19" zLength="1" centerX="11.5" centerY="0" centerZ="22.5" texture="Floor"/>
<floor row="23" col="3" xLength="5" zLength="1" centerX="5.5" centerY="0" centerZ="23.5" texture="Floor"/>
<floor row="23" col="9" xLength="3" zLength="1" centerX="10.5" centerY="0" centerZ="23.5" texture="Floor"/>
<floor row="23" col="13" xLength="7" zLength="1" centerX="16.5" centerY="0" centerZ="23.5" texture="Floor"/>
</floors>
<spawns>
<spawn row="19" col="3" xLength="1" zLength="3" centerX="3.5" centerY="0" centerZ="20.5" dir="right"/>
</spawns>
<exits>
<exit row="1" col="15" xLength="3" zLength="1" centerX="16.5" centerY="0" centerZ="1.5" file="level16.xml"/>
<exit row="19" col="1" xLength="1" zLength="3" centerX="1.5" centerY="0" centerZ="20.5" file="level14.xml"/>
</exits>
<cubes>
<cube row="15" col="9" xLength="3" yLength="7" zLength="3" centerX="10.5" centerY="0" centerZ="16.5" translateX="0" translateY="-6" translateZ="0" texture="Slate"/>
</cubes>
<crests>
<crest row="3" col="15" xLength="3" yLength="7" zLength="1" centerX="16.5" centerY="0" centerZ="3.5" effect="4" target="" dir="up" placement="wall"/>
<crest row="13" col="9" xLength="3" yLength="4" zLength="1" centerX="10.5" centerY="0" centerZ="13.5" effect="4" target="" dir="down" placement="wall"/>
<crest row="15" col="7" xLength="1" yLength="4" zLength="3" centerX="7.5" centerY="0" centerZ="16.5" effect="4" target="" dir="left" placement="wall"/>
<crest row="16" col="20" xLength="1" yLength="2" zLength="1" centerX="20.5" centerY="0" centerZ="16.5" effect="6" target="15|9" dir="left" placement=""/>
</crests>
</level>