<level>
<walls>
<wall row="0" col="3" xLength="8" yLength="5" zLength="1" centerX="7" centerY="0" centerZ="0.5" texture="Hedge"/>
<wall row="0" col="18" xLength="1" yLength="5" zLength="3" centerX="18.5" centerY="0" centerZ="1.5" texture="Hedge"/>
<wall row="0" col="24" xLength="1" yLength="5" zLength="9" centerX="24.5" centerY="0" centerZ="4.5" texture="Hedge"/>
<wall row="1" col="3" xLength="1" yLength="5" zLength="8" centerX="3.5" centerY="0" centerZ="5" texture="Hedge"/>
<wall row="1" col="10" xLength="1" yLength="5" zLength="2" centerX="10.5" centerY="0" centerZ="2" texture="Hedge"/>
<wall row="3" col="10" xLength="9" yLength="5" zLength="1" centerX="14.5" centerY="0" centerZ="3.5" texture="Hedge"/>
<wall row="4" col="17" xLength="2" yLength="5" zLength="3" centerX="18" centerY="0" centerZ="5.5" texture="Hedge"/>
<wall row="9" col="2" xLength="2" yLength="5" zLength="1" centerX="3" centerY="0" centerZ="9.5" texture="Hedge"/>
<wall row="9" col="10" xLength="3" yLength="5" zLength="1" centerX="11.5" centerY="0" centerZ="9.5" texture="Hedge"/>
<wall row="9" col="23" xLength="2" yLength="5" zLength="1" centerX="24" centerY="0" centerZ="9.5" texture="Hedge"/>
<wall row="10" col="2" xLength="1" yLength="5" zLength="2" centerX="2.5" centerY="0" centerZ="11" texture="Hedge"/>
<wall row="10" col="10" xLength="1" yLength="5" zLength="5" centerX="10.5" centerY="0" centerZ="12.5" texture="Hedge"/>
<wall row="10" col="12" xLength="2" yLength="5" zLength="1" centerX="13" centerY="0" centerZ="10.5" texture="Hedge"/>
<wall row="10" col="22" xLength="2" yLength="5" zLength="1" centerX="23" centerY="0" centerZ="10.5" texture="Hedge"/>
<wall row="11" col="13" xLength="2" yLength="5" zLength="1" centerX="14" centerY="0" centerZ="11.5" texture="Hedge"/>
<wall row="11" col="21" xLength="2" yLength="5" zLength="1" centerX="22" centerY="0" centerZ="11.5" texture="Hedge"/>
<wall row="12" col="2" xLength="2" yLength="5" zLength="2" centerX="3" centerY="0" centerZ="13" texture="Hedge"/>
<wall row="12" col="14" xLength="8" yLength="5" zLength="1" centerX="18" centerY="0" centerZ="12.5" texture="Hedge"/>
<wall row="14" col="2" xLength="1" yLength="5" zLength="2" centerX="2.5" centerY="0" centerZ="15" texture="Hedge"/>
<wall row="15" col="10" xLength="15" yLength="5" zLength="1" centerX="17.5" centerY="0" centerZ="15.5" texture="Hedge"/>
<wall row="16" col="2" xLength="2" yLength="5" zLength="1" centerX="3" centerY="0" centerZ="16.5" texture="Hedge"/>
<wall row="16" col="24" xLength="1" yLength="5" zLength="4" centerX="24.5" centerY="0" centerZ="18" texture="Hedge"/>
<wall row="17" col="3" xLength="1" yLength="5" zLength="7" centerX="3.5" centerY="0" centerZ="20.5" texture="Hedge"/>
<wall row="19" col="10" xLength="11" yLength="5" zLength="1" centerX="15.5" centerY="0" centerZ="19.5" texture="Hedge"/>
<wall row="20" col="10" xLength="1" yLength="5" zLength="4" centerX="10.5" centerY="0" centerZ="22" texture="Hedge"/>
<wall row="20" col="20" xLength="1" yLength="5" zLength="5" centerX="20.5" centerY="0" centerZ="22.5" texture="Hedge"/>
<wall row="20" col="24" xLength="1" yLength="5" zLength="5" centerX="24.5" centerY="0" centerZ="22.5" texture="Hedge"/>
<wall row="24" col="3" xLength="8" yLength="5" zLength="1" centerX="7" centerY="0" centerZ="24.5" texture="Hedge"/>
</walls>
<floors>
<floor row="0" col="19" xLength="5" zLength="4" centerX="21.5" centerY="0" centerZ="2" texture="Floor"/>
<floor row="4" col="4" xLength="13" zLength="1" centerX="10.5" centerY="0" centerZ="4.5" texture="Floor"/>
<floor row="4" col="19" xLength="5" zLength="1" centerX="21.5" centerY="0" centerZ="4.5" texture="Floor"/>
<floor row="5" col="4" xLength="5" zLength="2" centerX="6.5" centerY="0" centerZ="6" texture="Floor"/>
<floor row="5" col="10" xLength="3" zLength="2" centerX="11.5" centerY="0" centerZ="6" texture="Floor"/>
<floor row="5" col="15" xLength="2" zLength="2" centerX="16" centerY="0" centerZ="6" texture="Floor"/>
<floor row="5" col="19" xLength="5" zLength="2" centerX="21.5" centerY="0" centerZ="6" texture="Floor"/>
<floor row="7" col="4" xLength="20" zLength="1" centerX="14" centerY="0" centerZ="7.5" texture="Floor"/>
<floor row="8" col="4" xLength="3" zLength="1" centerX="5.5" centerY="0" centerZ="8.5" texture="Floor"/>
<floor row="8" col="10" xLength="14" zLength="1" centerX="17" centerY="0" centerZ="8.5" texture="Floor"/>
<floor row="9" col="6" xLength="1" zLength="2" centerX="6.5" centerY="0" centerZ="10" texture="Floor"/>
<floor row="9" col="13" xLength="8" zLength="1" centerX="17" centerY="0" centerZ="9.5" texture="Floor"/>
<floor row="10" col="3" xLength="1" zLength="2" centerX="3.5" centerY="0" centerZ="11" texture="Floor"/>
<floor row="10" col="14" xLength="7" zLength="1" centerX="17.5" centerY="0" centerZ="10.5" texture="Floor"/>
<floor row="11" col="8" xLength="1" zLength="2" centerX="8.5" centerY="0" centerZ="12" texture="Floor"/>
<floor row="11" col="15" xLength="6" zLength="1" centerX="18" centerY="0" centerZ="11.5" texture="Floor"/>
<floor row="13" col="6" xLength="3" zLength="1" centerX="7.5" centerY="0" centerZ="13.5" texture="Floor"/>
<floor row="14" col="3" xLength="1" zLength="1" centerX="3.5" centerY="0" centerZ="14.5" texture="Floor"/>
<floor row="14" col="6" xLength="1" zLength="2" centerX="6.5" centerY="0" centerZ="15" texture="Floor"/>
<floor row="14" col="8" xLength="2" zLength="1" centerX="9" centerY="0" centerZ="14.5" texture="Floor"/>
<floor row="15" col="3" xLength="2" zLength="1" centerX="4" centerY="0" centerZ="15.5" texture="Floor"/>
<floor row="16" col="4" xLength="1" zLength="1" centerX="4.5" centerY="0" centerZ="16.5" texture="Floor"/>
<floor row="16" col="10" xLength="5" zLength="1" centerX="12.5" centerY="0" centerZ="16.5" texture="Floor"/>
<floor row="16" col="17" xLength="7" zLength="2" centerX="20.5" centerY="0" centerZ="17" texture="Floor"/>
<floor row="17" col="4" xLength="11" zLength="1" centerX="9.5" centerY="0" centerZ="17.5" texture="Floor"/>
<floor row="18" col="4" xLength="7" zLength="1" centerX="7.5" centerY="0" centerZ="18.5" texture="Floor"/>
<floor row="18" col="12" xLength="11" zLength="1" centerX="17.5" centerY="0" centerZ="18.5" texture="Floor"/>
<floor row="19" col="21" xLength="3" zLength="6" centerX="22.5" centerY="0" centerZ="22" texture="Floor"/>
</floors>
<spawns>
<spawn row="16" col="20" xLength="1" zLength="3" centerX="20.5" centerY="0" centerZ="17.5" dir="left"/>
</spawns>
<exits>
<exit row="0" col="20" xLength="3" zLength="1" centerX="21.5" centerY="0" centerZ="0.5" file="level25.xml"/>
<exit row="24" col="21" xLength="3" zLength="1" centerX="22.5" centerY="0" centerZ="24.5" file="level1.xml"/>
</exits>
<cubes>
<cube row="20" col="4" xLength="6" yLength="4" zLength="4" centerX="7" centerY="0" centerZ="22" translateX="0" translateY="0" translateZ="-20" texture="Slate"/>
</cubes>
<crests>
<crest row="5" col="16" xLength="1" yLength="1" zLength="1" centerX="16.5" centerY="0" centerZ="5.5" effect="3" target="20|4" dir="left" placement=""/>
</crests>
</level>