<level>
<walls>
<wall row="1" col="0" xLength="4" yLength="4" zLength="1" centerX="2" centerY="2" centerZ="1.5" texture="Hedge"/>
<wall row="1" col="7" xLength="12" yLength="4" zLength="1" centerX="13" centerY="2" centerZ="1.5" texture="Hedge"/>
<wall row="1" col="19" xLength="1" yLength="5" zLength="1" centerX="19.5" centerY="2" centerZ="1.5" texture="Hedge"/>
<wall row="1" col="20" xLength="1" yLength="4" zLength="1" centerX="20.5" centerY="2" centerZ="1.5" texture="Hedge"/>
<wall row="1" col="21" xLength="1" yLength="5" zLength="1" centerX="21.5" centerY="2" centerZ="1.5" texture="Hedge"/>
<wall row="1" col="22" xLength="3" yLength="4" zLength="1" centerX="23.5" centerY="2" centerZ="1.5" texture="Hedge"/>
<wall row="2" col="0" xLength="2" yLength="4" zLength="1" centerX="1" centerY="2" centerZ="2.5" texture="Hedge"/>
<wall row="2" col="9" xLength="3" yLength="4" zLength="1" centerX="10.5" centerY="2" centerZ="2.5" texture="Hedge"/>
<wall row="2" col="14" xLength="2" yLength="5" zLength="1" centerX="15" centerY="2" centerZ="2.5" texture="Rock"/>
<wall row="2" col="16" xLength="1" yLength="5" zLength="2" centerX="16.5" centerY="2" centerZ="3" texture="Hedge"/>
<wall row="2" col="17" xLength="2" yLength="5" zLength="1" centerX="18" centerY="2" centerZ="2.5" texture="Rock"/>
<wall row="2" col="24" xLength="1" yLength="4" zLength="2" centerX="24.5" centerY="2" centerZ="3" texture="Hedge"/>
<wall row="3" col="0" xLength="1" yLength="4" zLength="6" centerX="0.5" centerY="2" centerZ="6" texture="Hedge"/>
<wall row="3" col="10" xLength="1" yLength="4" zLength="1" centerX="10.5" centerY="2" centerZ="3.5" texture="Hedge"/>
<wall row="3" col="15" xLength="1" yLength="5" zLength="1" centerX="15.5" centerY="2" centerZ="3.5" texture="Rock"/>
<wall row="3" col="17" xLength="1" yLength="5" zLength="1" centerX="17.5" centerY="2" centerZ="3.5" texture="Rock"/>
<wall row="4" col="9" xLength="1" yLength="5" zLength="1" centerX="9.5" centerY="2" centerZ="4.5" texture="Rock"/>
<wall row="4" col="10" xLength="1" yLength="5" zLength="3" centerX="10.5" centerY="2" centerZ="5.5" texture="Hedge"/>
<wall row="4" col="11" xLength="1" yLength="5" zLength="1" centerX="11.5" centerY="2" centerZ="4.5" texture="Rock"/>
<wall row="4" col="15" xLength="1" yLength="1" zLength="3" centerX="15.5" centerY="2" centerZ="5.5" texture="Tiles"/>
<wall row="4" col="16" xLength="1" yLength="2" zLength="3" centerX="16.5" centerY="2" centerZ="5.5" texture="Tiles"/>
<wall row="4" col="23" xLength="1" yLength="5" zLength="1" centerX="23.5" centerY="2" centerZ="4.5" texture="Rock"/>
<wall row="4" col="24" xLength="1" yLength="4" zLength="11" centerX="24.5" centerY="2" centerZ="9.5" texture="Hedge"/>
<wall row="5" col="9" xLength="1" yLength="9" zLength="1" centerX="9.5" centerY="2" centerZ="5.5" texture="Brick"/>
<wall row="5" col="11" xLength="1" yLength="9" zLength="1" centerX="11.5" centerY="2" centerZ="5.5" texture="Brick"/>
<wall row="5" col="23" xLength="1" yLength="9" zLength="1" centerX="23.5" centerY="2" centerZ="5.5" texture="Brick"/>
<wall row="6" col="9" xLength="1" yLength="5" zLength="1" centerX="9.5" centerY="2" centerZ="6.5" texture="Rock"/>
<wall row="6" col="11" xLength="1" yLength="5" zLength="1" centerX="11.5" centerY="2" centerZ="6.5" texture="Rock"/>
<wall row="6" col="23" xLength="1" yLength="5" zLength="1" centerX="23.5" centerY="2" centerZ="6.5" texture="Rock"/>
<wall row="7" col="1" xLength="1" yLength="5" zLength="1" centerX="1.5" centerY="2" centerZ="7.5" texture="Rock"/>
<wall row="7" col="10" xLength="1" yLength="4" zLength="12" centerX="10.5" centerY="2" centerZ="13" texture="Hedge"/>
<wall row="7" col="15" xLength="1" yLength="5" zLength="1" centerX="15.5" centerY="2" centerZ="7.5" texture="Rock"/>
<wall row="7" col="16" xLength="1" yLength="5" zLength="15" centerX="16.5" centerY="2" centerZ="14.5" texture="Hedge"/>
<wall row="7" col="17" xLength="1" yLength="5" zLength="1" centerX="17.5" centerY="2" centerZ="7.5" texture="Rock"/>
<wall row="8" col="1" xLength="1" yLength="9" zLength="1" centerX="1.5" centerY="2" centerZ="8.5" texture="Brick"/>
<wall row="8" col="15" xLength="1" yLength="9" zLength="1" centerX="15.5" centerY="2" centerZ="8.5" texture="Brick"/>
<wall row="8" col="17" xLength="1" yLength="9" zLength="1" centerX="17.5" centerY="2" centerZ="8.5" texture="Brick"/>
<wall row="9" col="0" xLength="1" yLength="5" zLength="1" centerX="0.5" centerY="2" centerZ="9.5" texture="Hedge"/>
<wall row="9" col="1" xLength="1" yLength="5" zLength="1" centerX="1.5" centerY="2" centerZ="9.5" texture="Rock"/>
<wall row="9" col="15" xLength="1" yLength="5" zLength="1" centerX="15.5" centerY="2" centerZ="9.5" texture="Rock"/>
<wall row="9" col="17" xLength="1" yLength="5" zLength="1" centerX="17.5" centerY="2" centerZ="9.5" texture="Rock"/>
<wall row="10" col="0" xLength="1" yLength="4" zLength="14" centerX="0.5" centerY="2" centerZ="17" texture="Hedge"/>
<wall row="10" col="9" xLength="1" yLength="5" zLength="1" centerX="9.5" centerY="2" centerZ="10.5" texture="Rock"/>
<wall row="10" col="11" xLength="1" yLength="5" zLength="1" centerX="11.5" centerY="2" centerZ="10.5" texture="Rock"/>
<wall row="10" col="23" xLength="1" yLength="5" zLength="1" centerX="23.5" centerY="2" centerZ="10.5" texture="Rock"/>
<wall row="11" col="9" xLength="1" yLength="9" zLength="1" centerX="9.5" centerY="2" centerZ="11.5" texture="Brick"/>
<wall row="11" col="11" xLength="1" yLength="9" zLength="1" centerX="11.5" centerY="2" centerZ="11.5" texture="Brick"/>
<wall row="11" col="23" xLength="1" yLength="9" zLength="1" centerX="23.5" centerY="2" centerZ="11.5" texture="Brick"/>
<wall row="12" col="9" xLength="1" yLength="5" zLength="1" centerX="9.5" centerY="2" centerZ="12.5" texture="Rock"/>
<wall row="12" col="11" xLength="1" yLength="5" zLength="1" centerX="11.5" centerY="2" centerZ="12.5" texture="Rock"/>
<wall row="12" col="23" xLength="1" yLength="5" zLength="1" centerX="23.5" centerY="2" centerZ="12.5" texture="Rock"/>
<wall row="13" col="1" xLength="1" yLength="5" zLength="1" centerX="1.5" centerY="2" centerZ="13.5" texture="Rock"/>
<wall row="13" col="15" xLength="1" yLength="5" zLength="1" centerX="15.5" centerY="2" centerZ="13.5" texture="Rock"/>
<wall row="13" col="17" xLength="1" yLength="5" zLength="1" centerX="17.5" centerY="2" centerZ="13.5" texture="Rock"/>
<wall row="14" col="1" xLength="1" yLength="9" zLength="1" centerX="1.5" centerY="2" centerZ="14.5" texture="Brick"/>
<wall row="14" col="15" xLength="1" yLength="9" zLength="1" centerX="15.5" centerY="2" centerZ="14.5" texture="Brick"/>
<wall row="14" col="17" xLength="1" yLength="9" zLength="1" centerX="17.5" centerY="2" centerZ="14.5" texture="Brick"/>
<wall row="15" col="1" xLength="1" yLength="5" zLength="1" centerX="1.5" centerY="2" centerZ="15.5" texture="Rock"/>
<wall row="15" col="15" xLength="1" yLength="5" zLength="1" centerX="15.5" centerY="2" centerZ="15.5" texture="Rock"/>
<wall row="15" col="17" xLength="1" yLength="5" zLength="1" centerX="17.5" centerY="2" centerZ="15.5" texture="Rock"/>
<wall row="15" col="24" xLength="1" yLength="8" zLength="1" centerX="24.5" centerY="2" centerZ="15.5" texture="Hedge"/>
<wall row="16" col="9" xLength="1" yLength="5" zLength="1" centerX="9.5" centerY="2" centerZ="16.5" texture="Rock"/>
<wall row="16" col="11" xLength="1" yLength="5" zLength="1" centerX="11.5" centerY="2" centerZ="16.5" texture="Rock"/>
<wall row="16" col="23" xLength="1" yLength="5" zLength="1" centerX="23.5" centerY="2" centerZ="16.5" texture="Rock"/>
<wall row="16" col="24" xLength="1" yLength="9" zLength="1" centerX="24.5" centerY="2" centerZ="16.5" texture="Brick"/>
<wall row="17" col="1" xLength="9" yLength="1" zLength="1" centerX="5.5" centerY="2" centerZ="17.5" texture="Rock"/>
<wall row="17" col="11" xLength="1" yLength="9" zLength="1" centerX="11.5" centerY="2" centerZ="17.5" texture="Brick"/>
<wall row="18" col="11" xLength="1" yLength="5" zLength="1" centerX="11.5" centerY="2" centerZ="18.5" texture="Rock"/>
<wall row="19" col="15" xLength="1" yLength="5" zLength="1" centerX="15.5" centerY="2" centerZ="19.5" texture="Rock"/>
<wall row="20" col="15" xLength="1" yLength="9" zLength="1" centerX="15.5" centerY="2" centerZ="20.5" texture="Brick"/>
<wall row="20" col="23" xLength="1" yLength="5" zLength="1" centerX="23.5" centerY="2" centerZ="20.5" texture="Rock"/>
<wall row="20" col="24" xLength="1" yLength="9" zLength="1" centerX="24.5" centerY="2" centerZ="20.5" texture="Brick"/>
<wall row="21" col="15" xLength="1" yLength="5" zLength="1" centerX="15.5" centerY="2" centerZ="21.5" texture="Rock"/>
<wall row="21" col="19" xLength="1" yLength="7" zLength="1" centerX="19.5" centerY="2" centerZ="21.5" texture="Hedge"/>
<wall row="21" col="20" xLength="1" yLength="9" zLength="1" centerX="20.5" centerY="2" centerZ="21.5" texture="Hedge"/>
<wall row="21" col="21" xLength="1" yLength="7" zLength="1" centerX="21.5" centerY="2" centerZ="21.5" texture="Hedge"/>
<wall row="21" col="24" xLength="1" yLength="8" zLength="1" centerX="24.5" centerY="2" centerZ="21.5" texture="Hedge"/>
<wall row="22" col="1" xLength="1" yLength="5" zLength="1" centerX="1.5" centerY="2" centerZ="22.5" texture="Rock"/>
<wall row="22" col="9" xLength="1" yLength="5" zLength="1" centerX="9.5" centerY="2" centerZ="22.5" texture="Rock"/>
<wall row="22" col="10" xLength="1" yLength="5" zLength="1" centerX="10.5" centerY="2" centerZ="22.5" texture="Hedge"/>
<wall row="22" col="11" xLength="1" yLength="5" zLength="1" centerX="11.5" centerY="2" centerZ="22.5" texture="Rock"/>
<wall row="22" col="16" xLength="1" yLength="2" zLength="1" centerX="16.5" centerY="2" centerZ="22.5" texture="Hedge"/>
<wall row="22" col="19" xLength="3" yLength="5" zLength="1" centerX="20.5" centerY="2" centerZ="22.5" texture="Hedge"/>
<wall row="22" col="24" xLength="1" yLength="4" zLength="1" centerX="24.5" centerY="2" centerZ="22.5" texture="Hedge"/>
<wall row="23" col="1" xLength="1" yLength="9" zLength="1" centerX="1.5" centerY="2" centerZ="23.5" texture="Brick"/>
<wall row="23" col="2" xLength="1" yLength="5" zLength="1" centerX="2.5" centerY="2" centerZ="23.5" texture="Rock"/>
<wall row="23" col="4" xLength="1" yLength="5" zLength="1" centerX="4.5" centerY="2" centerZ="23.5" texture="Rock"/>
<wall row="23" col="5" xLength="1" yLength="9" zLength="1" centerX="5.5" centerY="2" centerZ="23.5" texture="Brick"/>
<wall row="23" col="6" xLength="1" yLength="5" zLength="1" centerX="6.5" centerY="2" centerZ="23.5" texture="Rock"/>
<wall row="23" col="8" xLength="1" yLength="5" zLength="1" centerX="8.5" centerY="2" centerZ="23.5" texture="Rock"/>
<wall row="23" col="9" xLength="1" yLength="9" zLength="1" centerX="9.5" centerY="2" centerZ="23.5" texture="Brick"/>
<wall row="23" col="10" xLength="1" yLength="5" zLength="1" centerX="10.5" centerY="2" centerZ="23.5" texture="Hedge"/>
<wall row="23" col="11" xLength="1" yLength="9" zLength="1" centerX="11.5" centerY="2" centerZ="23.5" texture="Brick"/>
<wall row="23" col="12" xLength="1" yLength="5" zLength="1" centerX="12.5" centerY="2" centerZ="23.5" texture="Rock"/>
<wall row="23" col="16" xLength="1" yLength="2" zLength="1" centerX="16.5" centerY="2" centerZ="23.5" texture="Hedge"/>
<wall row="23" col="19" xLength="1" yLength="9" zLength="1" centerX="19.5" centerY="2" centerZ="23.5" texture="Brick"/>
<wall row="23" col="20" xLength="1" yLength="5" zLength="1" centerX="20.5" centerY="2" centerZ="23.5" texture="Hedge"/>
<wall row="23" col="21" xLength="1" yLength="9" zLength="1" centerX="21.5" centerY="2" centerZ="23.5" texture="Brick"/>
<wall row="23" col="24" xLength="1" yLength="4" zLength="1" centerX="24.5" centerY="2" centerZ="23.5" texture="Hedge"/>
<wall row="24" col="0" xLength="9" yLength="4" zLength="1" centerX="4.5" centerY="2" centerZ="24.5" texture="Hedge"/>
<wall row="24" col="9" xLength="1" yLength="5" zLength="1" centerX="9.5" centerY="2" centerZ="24.5" texture="Hedge"/>
<wall row="24" col="10" xLength="5" yLength="4" zLength="1" centerX="12.5" centerY="2" centerZ="24.5" texture="Hedge"/>
<wall row="24" col="15" xLength="2" yLength="5" zLength="1" centerX="16" centerY="2" centerZ="24.5" texture="Hedge"/>
<wall row="24" col="17" xLength="8" yLength="4" zLength="1" centerX="21" centerY="2" centerZ="24.5" texture="Hedge"/>
</walls>
<floors>
<floor row="1" col="4" xLength="3" zLength="1" centerX="5.5" centerY="2" centerZ="1.5" texture="Floor"/>
<floor row="2" col="2" xLength="7" zLength="1" centerX="5.5" centerY="2" centerZ="2.5" texture="Floor"/>
<floor row="2" col="12" xLength="2" zLength="1" centerX="13" centerY="2" centerZ="2.5" texture="Floor"/>
<floor row="2" col="19" xLength="5" zLength="1" centerX="21.5" centerY="2" centerZ="2.5" texture="Floor"/>
<floor row="3" col="1" xLength="9" zLength="1" centerX="5.5" centerY="2" centerZ="3.5" texture="Floor"/>
<floor row="3" col="11" xLength="4" zLength="1" centerX="13" centerY="2" centerZ="3.5" texture="Floor"/>
<floor row="3" col="18" xLength="6" zLength="1" centerX="21" centerY="2" centerZ="3.5" texture="Floor"/>
<floor row="4" col="1" xLength="8" zLength="3" centerX="5" centerY="2" centerZ="5.5" texture="Floor"/>
<floor row="4" col="12" xLength="3" zLength="3" centerX="13.5" centerY="2" centerZ="5.5" texture="Floor"/>
<floor row="4" col="17" xLength="6" zLength="3" centerX="20" centerY="2" centerZ="5.5" texture="Floor"/>
<floor row="7" col="2" xLength="8" zLength="3" centerX="6" centerY="2" centerZ="8.5" texture="Floor"/>
<floor row="7" col="11" xLength="4" zLength="3" centerX="13" centerY="2" centerZ="8.5" texture="Floor"/>
<floor row="7" col="18" xLength="6" zLength="3" centerX="21" centerY="2" centerZ="8.5" texture="Floor"/>
<floor row="10" col="1" xLength="8" zLength="3" centerX="5" centerY="2" centerZ="11.5" texture="Floor"/>
<floor row="10" col="12" xLength="4" zLength="3" centerX="14" centerY="2" centerZ="11.5" texture="Floor"/>
<floor row="10" col="17" xLength="6" zLength="3" centerX="20" centerY="2" centerZ="11.5" texture="Floor"/>
<floor row="13" col="2" xLength="8" zLength="3" centerX="6" centerY="2" centerZ="14.5" texture="Floor"/>
<floor row="13" col="11" xLength="4" zLength="3" centerX="13" centerY="2" centerZ="14.5" texture="Floor"/>
<floor row="13" col="18" xLength="6" zLength="3" centerX="21" centerY="2" centerZ="14.5" texture="Floor"/>
<floor row="16" col="1" xLength="8" zLength="1" centerX="5" centerY="2" centerZ="16.5" texture="Floor"/>
<floor row="16" col="12" xLength="4" zLength="3" centerX="14" centerY="2" centerZ="17.5" texture="Floor"/>
<floor row="16" col="17" xLength="6" zLength="1" centerX="20" centerY="2" centerZ="16.5" texture="Floor"/>
<floor row="17" col="17" xLength="8" zLength="2" centerX="21" centerY="2" centerZ="18" texture="Floor"/>
<floor row="19" col="10" xLength="5" zLength="1" centerX="12.5" centerY="2" centerZ="19.5" texture="Floor"/>
<floor row="19" col="17" xLength="8" zLength="1" centerX="21" centerY="2" centerZ="19.5" texture="Floor"/>
<floor row="20" col="1" xLength="14" zLength="2" centerX="8" centerY="2" centerZ="21" texture="Floor"/>
<floor row="20" col="17" xLength="6" zLength="1" centerX="20" centerY="2" centerZ="20.5" texture="Floor"/>
<floor row="21" col="17" xLength="2" zLength="1" centerX="18" centerY="2" centerZ="21.5" texture="Floor"/>
<floor row="21" col="22" xLength="2" zLength="1" centerX="23" centerY="2" centerZ="21.5" texture="Floor"/>
<floor row="22" col="2" xLength="7" zLength="1" centerX="5.5" centerY="2" centerZ="22.5" texture="Floor"/>
<floor row="22" col="12" xLength="4" zLength="1" centerX="14" centerY="2" centerZ="22.5" texture="Floor"/>
<floor row="22" col="17" xLength="2" zLength="2" centerX="18" centerY="2" centerZ="23" texture="Floor"/>
<floor row="22" col="22" xLength="2" zLength="2" centerX="23" centerY="2" centerZ="23" texture="Floor"/>
<floor row="23" col="3" xLength="1" zLength="1" centerX="3.5" centerY="2" centerZ="23.5" texture="Floor"/>
<floor row="23" col="7" xLength="1" zLength="1" centerX="7.5" centerY="2" centerZ="23.5" texture="Floor"/>
<floor row="23" col="13" xLength="3" zLength="1" centerX="14.5" centerY="2" centerZ="23.5" texture="Floor"/>
</floors>
<spawns>
<spawn row="2" col="4" xLength="3" zLength="1" centerX="5.5" centerY="2" centerZ="2.5" dir="up"/>
</spawns>
<exits>
<exit row="1" col="4" xLength="3" zLength="1" centerX="5.5" centerY="2" centerZ="1.5" file="level6.xml"/>
<exit row="17" col="24" xLength="1" zLength="3" centerX="24.5" centerY="2" centerZ="18.5" file="level8.xml"/>
</exits>
<cubes>
</cubes>
<crests>
<crest row="20" col="20" xLength="1" yLength="1" zLength="1" centerX="20.5" centerY="2" centerZ="20.5" effect="0" target="" dir="down" placement=""/>
</crests>
</level>