<level>
<walls>
<wall row="1" col="1" xLength="24" yLength="5" zLength="1" centerX="13" centerY="0" centerZ="1.5" texture="Hedge"/>
<wall row="2" col="0" xLength="2" yLength="5" zLength="1" centerX="1" centerY="0" centerZ="2.5" texture="Hedge"/>
<wall row="2" col="9" xLength="1" yLength="5" zLength="2" centerX="9.5" centerY="0" centerZ="3" texture="Hedge"/>
<wall row="2" col="24" xLength="1" yLength="5" zLength="10" centerX="24.5" centerY="0" centerZ="7" texture="Hedge"/>
<wall row="3" col="0" xLength="1" yLength="5" zLength="14" centerX="0.5" centerY="0" centerZ="10" texture="Hedge"/>
<wall row="4" col="9" xLength="2" yLength="5" zLength="1" centerX="10" centerY="0" centerZ="4.5" texture="Hedge"/>
<wall row="5" col="9" xLength="3" yLength="5" zLength="1" centerX="10.5" centerY="0" centerZ="5.5" texture="Hedge"/>
<wall row="10" col="9" xLength="3" yLength="5" zLength="1" centerX="10.5" centerY="0" centerZ="10.5" texture="Hedge"/>
<wall row="11" col="10" xLength="2" yLength="5" zLength="1" centerX="11" centerY="0" centerZ="11.5" texture="Hedge"/>
<wall row="12" col="11" xLength="1" yLength="5" zLength="1" centerX="11.5" centerY="0" centerZ="12.5" texture="Hedge"/>
<wall row="12" col="12" xLength="4" yLength="3" zLength="1" centerX="14" centerY="0" centerZ="12.5" texture="Hedge"/>
<wall row="12" col="16" xLength="3" yLength="5" zLength="1" centerX="17.5" centerY="0" centerZ="12.5" texture="Hedge"/>
<wall row="12" col="24" xLength="1" yLength="5" zLength="3" centerX="24.5" centerY="0" centerZ="13.5" texture="Hedge"/>
<wall row="13" col="16" xLength="1" yLength="5" zLength="1" centerX="16.5" centerY="0" centerZ="13.5" texture="Hedge"/>
<wall row="13" col="17" xLength="1" yLength="8" zLength="1" centerX="17.5" centerY="0" centerZ="13.5" texture="Hedge"/>
<wall row="13" col="18" xLength="1" yLength="5" zLength="1" centerX="18.5" centerY="0" centerZ="13.5" texture="Hedge"/>
<wall row="14" col="17" xLength="2" yLength="5" zLength="1" centerX="18" centerY="0" centerZ="14.5" texture="Hedge"/>
<wall row="15" col="18" xLength="1" yLength="5" zLength="3" centerX="18.5" centerY="0" centerZ="16.5" texture="Hedge"/>
<wall row="15" col="24" xLength="1" yLength="8" zLength="2" centerX="24.5" centerY="0" centerZ="16" texture="Hedge"/>
<wall row="17" col="0" xLength="2" yLength="5" zLength="1" centerX="1" centerY="0" centerZ="17.5" texture="Hedge"/>
<wall row="17" col="24" xLength="1" yLength="5" zLength="1" centerX="24.5" centerY="0" centerZ="17.5" texture="Hedge"/>
<wall row="18" col="0" xLength="3" yLength="5" zLength="2" centerX="1.5" centerY="0" centerZ="19" texture="Hedge"/>
<wall row="18" col="3" xLength="10" yLength="3" zLength="1" centerX="8" centerY="0" centerZ="18.5" texture="Hedge"/>
<wall row="18" col="18" xLength="1" yLength="5" zLength="4" centerX="18.5" centerY="0" centerZ="20" texture="Hedge"/>
<wall row="18" col="24" xLength="1" yLength="5" zLength="2" centerX="24.5" centerY="0" centerZ="19" texture="Hedge"/>
<wall row="20" col="24" xLength="1" yLength="8" zLength="2" centerX="24.5" centerY="0" centerZ="21" texture="Hedge"/>
<wall row="22" col="17" xLength="2" yLength="5" zLength="1" centerX="18" centerY="0" centerZ="22.5" texture="Hedge"/>
<wall row="22" col="24" xLength="1" yLength="5" zLength="1" centerX="24.5" centerY="0" centerZ="22.5" texture="Hedge"/>
<wall row="23" col="0" xLength="3" yLength="5" zLength="1" centerX="1.5" centerY="0" centerZ="23.5" texture="Hedge"/>
<wall row="23" col="16" xLength="1" yLength="5" zLength="1" centerX="16.5" centerY="0" centerZ="23.5" texture="Hedge"/>
<wall row="23" col="17" xLength="1" yLength="8" zLength="1" centerX="17.5" centerY="0" centerZ="23.5" texture="Hedge"/>
<wall row="23" col="18" xLength="1" yLength="5" zLength="1" centerX="18.5" centerY="0" centerZ="23.5" texture="Hedge"/>
<wall row="23" col="24" xLength="1" yLength="5" zLength="1" centerX="24.5" centerY="0" centerZ="23.5" texture="Hedge"/>
<wall row="24" col="2" xLength="18" yLength="5" zLength="1" centerX="11" centerY="0" centerZ="24.5" texture="Hedge"/>
<wall row="24" col="23" xLength="2" yLength="5" zLength="1" centerX="24" centerY="0" centerZ="24.5" texture="Hedge"/>
</walls>
<floors>
<floor row="0" col="0" xLength="25" zLength="1" centerX="12.5" centerY="0" centerZ="0.5" texture="Floor"/>
<floor row="1" col="0" xLength="1" zLength="1" centerX="0.5" centerY="0" centerZ="1.5" texture="Floor"/>
<floor row="2" col="2" xLength="7" zLength="1" centerX="5.5" centerY="0" centerZ="2.5" texture="Floor"/>
<floor row="2" col="10" xLength="14" zLength="2" centerX="17" centerY="0" centerZ="3" texture="Floor"/>
<floor row="3" col="1" xLength="8" zLength="3" centerX="5" centerY="0" centerZ="4.5" texture="Floor"/>
<floor row="4" col="11" xLength="13" zLength="1" centerX="17.5" centerY="0" centerZ="4.5" texture="Floor"/>
<floor row="5" col="12" xLength="12" zLength="1" centerX="18" centerY="0" centerZ="5.5" texture="Floor"/>
<floor row="6" col="1" xLength="23" zLength="4" centerX="12.5" centerY="0" centerZ="8" texture="Floor"/>
<floor row="10" col="1" xLength="8" zLength="1" centerX="5" centerY="0" centerZ="10.5" texture="Floor"/>
<floor row="10" col="12" xLength="12" zLength="2" centerX="18" centerY="0" centerZ="11" texture="Floor"/>
<floor row="11" col="1" xLength="9" zLength="1" centerX="5.5" centerY="0" centerZ="11.5" texture="Floor"/>
<floor row="12" col="1" xLength="10" zLength="1" centerX="6" centerY="0" centerZ="12.5" texture="Floor"/>
<floor row="12" col="19" xLength="5" zLength="12" centerX="21.5" centerY="0" centerZ="18" texture="Floor"/>
<floor row="13" col="1" xLength="15" zLength="1" centerX="8.5" centerY="0" centerZ="13.5" texture="Floor"/>
<floor row="14" col="1" xLength="16" zLength="1" centerX="9" centerY="0" centerZ="14.5" texture="Floor"/>
<floor row="15" col="1" xLength="17" zLength="2" centerX="9.5" centerY="0" centerZ="16" texture="Floor"/>
<floor row="17" col="2" xLength="16" zLength="1" centerX="10" centerY="0" centerZ="17.5" texture="Floor"/>
<floor row="18" col="13" xLength="5" zLength="1" centerX="15.5" centerY="0" centerZ="18.5" texture="Floor"/>
<floor row="19" col="3" xLength="15" zLength="1" centerX="10.5" centerY="0" centerZ="19.5" texture="Floor"/>
<floor row="20" col="0" xLength="18" zLength="2" centerX="9" centerY="0" centerZ="21" texture="Floor"/>
<floor row="22" col="0" xLength="17" zLength="1" centerX="8.5" centerY="0" centerZ="22.5" texture="Floor"/>
<floor row="23" col="3" xLength="13" zLength="1" centerX="9.5" centerY="0" centerZ="23.5" texture="Floor"/>
<floor row="24" col="0" xLength="2" zLength="1" centerX="1" centerY="0" centerZ="24.5" texture="Floor"/>
<floor row="24" col="20" xLength="3" zLength="1" centerX="21.5" centerY="0" centerZ="24.5" texture="Floor"/>
</floors>
<spawns>
<spawn row="20" col="1" xLength="2" zLength="3" centerX="2" centerY="0" centerZ="21.5" dir="right"/>
</spawns>
<exits>
<exit row="20" col="0" xLength="1" zLength="3" centerX="0.5" centerY="0" centerZ="21.5" file="level1.xml"/>
<exit row="24" col="20" xLength="3" zLength="1" centerX="21.5" centerY="0" centerZ="24.5" file="level6.xml"/>
</exits>
<cubes>
<cube row="2" col="13" xLength="1" yLength="5" zLength="1" centerX="13.5" centerY="0" centerZ="2.5" translateX="0" translateY="0" translateZ="0" texture="Rock"/>
<cube row="2" col="16" xLength="1" yLength="6" zLength="1" centerX="16.5" centerY="0" centerZ="2.5" translateX="0" translateY="0" translateZ="0" texture="Rock"/>
<cube row="2" col="19" xLength="1" yLength="7" zLength="1" centerX="19.5" centerY="0" centerZ="2.5" translateX="0" translateY="0" translateZ="0" texture="Rock"/>
<cube row="2" col="22" xLength="1" yLength="8" zLength="1" centerX="22.5" centerY="0" centerZ="2.5" translateX="0" translateY="0" translateZ="0" texture="Rock"/>
<cube row="2" col="23" xLength="1" yLength="9" zLength="1" centerX="23.5" centerY="0" centerZ="2.5" translateX="0" translateY="0" translateZ="0" texture="Rock"/>
<cube row="3" col="23" xLength="1" yLength="8" zLength="1" centerX="23.5" centerY="0" centerZ="3.5" translateX="0" translateY="0" translateZ="0" texture="Rock"/>
<cube row="5" col="3" xLength="6" yLength="1" zLength="1" centerX="6" centerY="0" centerZ="5.5" translateX="0" translateY="0" translateZ="0" texture="Rock"/>
<cube row="6" col="23" xLength="1" yLength="7" zLength="1" centerX="23.5" centerY="0" centerZ="6.5" translateX="0" translateY="0" translateZ="0" texture="Rock"/>
<cube row="8" col="3" xLength="1" yLength="6" zLength="1" centerX="3.5" centerY="0" centerZ="8.5" translateX="0" translateY="0" translateZ="0" texture="Rock"/>
<cube row="9" col="23" xLength="1" yLength="6" zLength="1" centerX="23.5" centerY="0" centerZ="9.5" translateX="0" translateY="0" translateZ="0" texture="Rock"/>
<cube row="11" col="3" xLength="1" yLength="6" zLength="1" centerX="3.5" centerY="0" centerZ="11.5" translateX="0" translateY="0" translateZ="0" texture="Rock"/>
<cube row="12" col="19" xLength="5" yLength="1" zLength="1" centerX="21.5" centerY="0" centerZ="12.5" translateX="0" translateY="0" translateZ="0" texture="Rock"/>
<cube row="14" col="3" xLength="1" yLength="6" zLength="1" centerX="3.5" centerY="0" centerZ="14.5" translateX="0" translateY="0" translateZ="0" texture="Rock"/>
<cube row="15" col="19" xLength="1" yLength="3" zLength="1" centerX="19.5" centerY="0" centerZ="15.5" translateX="0" translateY="0" translateZ="0" texture="Rock"/>
<cube row="15" col="23" xLength="1" yLength="3" zLength="1" centerX="23.5" centerY="0" centerZ="15.5" translateX="0" translateY="0" translateZ="0" texture="Rock"/>
<cube row="18" col="19" xLength="1" yLength="3" zLength="1" centerX="19.5" centerY="0" centerZ="18.5" translateX="0" translateY="0" translateZ="0" texture="Rock"/>
<cube row="18" col="23" xLength="1" yLength="3" zLength="1" centerX="23.5" centerY="0" centerZ="18.5" translateX="0" translateY="0" translateZ="0" texture="Rock"/>
<cube row="21" col="19" xLength="1" yLength="3" zLength="1" centerX="19.5" centerY="0" centerZ="21.5" translateX="0" translateY="0" translateZ="0" texture="Rock"/>
<cube row="21" col="23" xLength="1" yLength="3" zLength="1" centerX="23.5" centerY="0" centerZ="21.5" translateX="0" translateY="0" translateZ="0" texture="Rock"/>
</cubes>
<crests>
</crests>
</level>