<level>
<walls>
<wall row="0" col="4" xLength="6" yLength="14" zLength="1" centerX="7" centerY="2" centerZ="0.5" texture="Hedge"/>
<wall row="0" col="10" xLength="5" yLength="13" zLength="1" centerX="12.5" centerY="2" centerZ="0.5" texture="Hedge"/>
<wall row="0" col="19" xLength="2" yLength="8" zLength="1" centerX="20" centerY="2" centerZ="0.5" texture="Hedge"/>
<wall row="0" col="24" xLength="1" yLength="8" zLength="1" centerX="24.5" centerY="2" centerZ="0.5" texture="Hedge"/>
<wall row="1" col="4" xLength="1" yLength="14" zLength="7" centerX="4.5" centerY="2" centerZ="4.5" texture="Hedge"/>
<wall row="1" col="5" xLength="1" yLength="9" zLength="1" centerX="5.5" centerY="2" centerZ="1.5" texture="Tiles"/>
<wall row="1" col="6" xLength="8" yLength="7" zLength="1" centerX="10" centerY="2" centerZ="1.5" texture="Floor"/>
<wall row="1" col="14" xLength="1" yLength="9" zLength="1" centerX="14.5" centerY="2" centerZ="1.5" texture="Tiles"/>
<wall row="1" col="15" xLength="1" yLength="13" zLength="1" centerX="15.5" centerY="2" centerZ="1.5" texture="Hedge"/>
<wall row="1" col="17" xLength="3" yLength="14" zLength="2" centerX="18.5" centerY="2" centerZ="2" texture="Brick"/>
<wall row="1" col="20" xLength="1" yLength="14" zLength="2" centerX="20.5" centerY="2" centerZ="2" texture="Brick"/>
<wall row="2" col="5" xLength="10" yLength="7" zLength="1" centerX="10" centerY="2" centerZ="2.5" texture="Floor"/>
<wall row="2" col="15" xLength="1" yLength="9" zLength="1" centerX="15.5" centerY="2" centerZ="2.5" texture="Tiles"/>
<wall row="2" col="16" xLength="1" yLength="13" zLength="1" centerX="16.5" centerY="2" centerZ="2.5" texture="Hedge"/>
<wall row="3" col="5" xLength="11" yLength="7" zLength="3" centerX="10.5" centerY="2" centerZ="4.5" texture="Floor"/>
<wall row="3" col="16" xLength="1" yLength="9" zLength="3" centerX="16.5" centerY="2" centerZ="4.5" texture="Tiles"/>
<wall row="3" col="17" xLength="1" yLength="12" zLength="3" centerX="17.5" centerY="2" centerZ="4.5" texture="Hedge"/>
<wall row="6" col="5" xLength="3" yLength="7" zLength="3" centerX="6.5" centerY="2" centerZ="7.5" texture="Floor"/>
<wall row="6" col="8" xLength="1" yLength="14" zLength="2" centerX="8.5" centerY="2" centerZ="7" texture="Hedge"/>
<wall row="6" col="9" xLength="1" yLength="9" zLength="1" centerX="9.5" centerY="2" centerZ="6.5" texture="Tiles"/>
<wall row="6" col="17" xLength="1" yLength="12" zLength="9" centerX="17.5" centerY="2" centerZ="10.5" texture="Hedge"/>
<wall row="6" col="18" xLength="4" yLength="1" zLength="2" centerX="20" centerY="2" centerZ="7" texture="Floor"/>
<wall row="7" col="9" xLength="1" yLength="13" zLength="1" centerX="9.5" centerY="2" centerZ="7.5" texture="Hedge"/>
<wall row="7" col="10" xLength="1" yLength="9" zLength="1" centerX="10.5" centerY="2" centerZ="7.5" texture="Tiles"/>
<wall row="8" col="4" xLength="1" yLength="15" zLength="4" centerX="4.5" centerY="2" centerZ="10" texture="Hedge"/>
<wall row="8" col="8" xLength="1" yLength="15" zLength="4" centerX="8.5" centerY="2" centerZ="10" texture="Hedge"/>
<wall row="8" col="9" xLength="2" yLength="13" zLength="1" centerX="10" centerY="2" centerZ="8.5" texture="Hedge"/>
<wall row="8" col="11" xLength="1" yLength="9" zLength="1" centerX="11.5" centerY="2" centerZ="8.5" texture="Tiles"/>
<wall row="8" col="18" xLength="4" yLength="2" zLength="2" centerX="20" centerY="2" centerZ="9" texture="Slate"/>
<wall row="9" col="5" xLength="3" yLength="7" zLength="1" centerX="6.5" centerY="2" centerZ="9.5" texture="Tiles"/>
<wall row="9" col="9" xLength="3" yLength="13" zLength="1" centerX="10.5" centerY="2" centerZ="9.5" texture="Hedge"/>
<wall row="9" col="12" xLength="1" yLength="12" zLength="6" centerX="12.5" centerY="2" centerZ="12" texture="Hedge"/>
<wall row="9" col="13" xLength="4" yLength="7" zLength="3" centerX="15" centerY="2" centerZ="10.5" texture="Floor"/>
<wall row="10" col="5" xLength="3" yLength="6" zLength="2" centerX="6.5" centerY="2" centerZ="11" texture="Tiles"/>
<wall row="12" col="4" xLength="1" yLength="16" zLength="4" centerX="4.5" centerY="2" centerZ="14" texture="Hedge"/>
<wall row="12" col="5" xLength="3" yLength="6" zLength="1" centerX="6.5" centerY="2" centerZ="12.5" texture="Tiles"/>
<wall row="12" col="8" xLength="1" yLength="16" zLength="4" centerX="8.5" centerY="2" centerZ="14" texture="Hedge"/>
<wall row="15" col="12" xLength="1" yLength="11" zLength="1" centerX="12.5" centerY="2" centerZ="15.5" texture="Hedge"/>
<wall row="15" col="17" xLength="1" yLength="11" zLength="1" centerX="17.5" centerY="2" centerZ="15.5" texture="Hedge"/>
<wall row="16" col="4" xLength="1" yLength="17" zLength="4" centerX="4.5" centerY="2" centerZ="18" texture="Hedge"/>
<wall row="16" col="5" xLength="3" yLength="9" zLength="4" centerX="6.5" centerY="2" centerZ="18" texture="Floor"/>
<wall row="16" col="8" xLength="1" yLength="17" zLength="4" centerX="8.5" centerY="2" centerZ="18" texture="Hedge"/>
<wall row="16" col="12" xLength="1" yLength="11" zLength="7" centerX="12.5" centerY="2" centerZ="19.5" texture="Hedge"/>
<wall row="16" col="13" xLength="4" yLength="5" zLength="2" centerX="15" centerY="2" centerZ="17" texture="Floor"/>
<wall row="16" col="17" xLength="1" yLength="11" zLength="2" centerX="17.5" centerY="2" centerZ="17" texture="Hedge"/>
<wall row="16" col="20" xLength="1" yLength="5" zLength="6" centerX="20.5" centerY="2" centerZ="19" texture="Slate"/>
<wall row="18" col="13" xLength="1" yLength="5" zLength="2" centerX="13.5" centerY="2" centerZ="19" texture="Slate"/>
<wall row="20" col="4" xLength="1" yLength="18" zLength="5" centerX="4.5" centerY="2" centerZ="22.5" texture="Hedge"/>
<wall row="20" col="5" xLength="3" yLength="10" zLength="4" centerX="6.5" centerY="2" centerZ="22" texture="Floor"/>
<wall row="20" col="8" xLength="1" yLength="18" zLength="5" centerX="8.5" centerY="2" centerZ="22.5" texture="Hedge"/>
<wall row="20" col="13" xLength="1" yLength="5" zLength="2" centerX="13.5" centerY="2" centerZ="21" texture="Slate"/>
<wall row="22" col="13" xLength="8" yLength="5" zLength="1" centerX="17" centerY="2" centerZ="22.5" texture="Slate"/>
<wall row="23" col="12" xLength="2" yLength="11" zLength="1" centerX="13" centerY="2" centerZ="23.5" texture="Hedge"/>
<wall row="23" col="17" xLength="6" yLength="11" zLength="1" centerX="20" centerY="2" centerZ="23.5" texture="Hedge"/>
<wall row="24" col="13" xLength="5" yLength="13" zLength="1" centerX="15.5" centerY="2" centerZ="24.5" texture="Brick"/>
</walls>
<floors>
<floor row="0" col="21" xLength="3" zLength="3" centerX="22.5" centerY="2" centerZ="1.5" texture="Floor"/>
<floor row="3" col="18" xLength="6" zLength="3" centerX="21" centerY="2" centerZ="4.5" texture="Floor"/>
<floor row="24" col="5" xLength="3" zLength="1" centerX="6.5" centerY="12" centerZ="24.5" texture="Floor"/>
</floors>
<spawns>
<spawn row="22" col="6" xLength="1" zLength="1" centerX="6.5" centerY="12" centerZ="22.5" dir="down"/>
</spawns>
<exits>
<exit row="0" col="21" xLength="3" zLength="1" centerX="22.5" centerY="2" centerZ="0.5" file="level11.xml"/>
<exit row="24" col="5" xLength="3" zLength="1" centerX="6.5" centerY="2" centerZ="24.5" file="level48.xml"/>
</exits>
<cubes>
</cubes>
<crests>
<crest row="3" col="19" xLength="1" yLength="2" zLength="1" centerX="19.5" centerY="2" centerZ="3.5" effect="1" target="" dir="up" placement=""/>
<crest row="23" col="15" xLength="1" yLength="5" zLength="1" centerX="15.5" centerY="2" centerZ="23.5" effect="1" target="" dir="down" placement=""/>
</crests>
</level>