<level>
<walls>
<wall row="13" col="20" xLength="1" yLength="6" zLength="7" centerX="20.5" centerY="0" centerZ="16.5" texture="Hedge"/>
<wall row="13" col="24" xLength="1" yLength="6" zLength="11" centerX="24.5" centerY="0" centerZ="18.5" texture="Hedge"/>
<wall row="20" col="14" xLength="7" yLength="6" zLength="1" centerX="17.5" centerY="0" centerZ="20.5" texture="Hedge"/>
<wall row="21" col="14" xLength="1" yLength="6" zLength="3" centerX="14.5" centerY="0" centerZ="22.5" texture="Hedge"/>
<wall row="24" col="14" xLength="11" yLength="6" zLength="1" centerX="19.5" centerY="0" centerZ="24.5" texture="Hedge"/>
</walls>
<floors>
<floor row="13" col="21" xLength="3" zLength="8" centerX="22.5" centerY="0" centerZ="17" texture="Floor"/>
<floor row="21" col="15" xLength="9" zLength="3" centerX="19.5" centerY="0" centerZ="22.5" texture="Floor"/>
</floors>
<spawns>
<spawn row="22" col="17" xLength="1" zLength="1" centerX="17.5" centerY="0" centerZ="22.5" dir="right"/>
</spawns>
<exits>
<exit row="13" col="21" xLength="3" zLength="1" centerX="22.5" centerY="0" centerZ="13.5" file="level47.xml"/>
</exits>
<cubes>
</cubes>
<crests>
</crests>
</level>