<level>
<walls>
<wall row="0" col="0" xLength="1" yLength="1" zLength="1" centerX="-2" centerY="0" centerZ="0" texture="Hedge" />
<wall row="0" col="0" xLength="1" yLength="1" zLength="1" centerX="0" centerY="0" centerZ="2" texture="Hedge" />
<wall row="0" col="0" xLength="1" yLength="1" zLength="1" centerX="2" centerY="0" centerZ="0" texture="Floor" />
<wall row="0" col="0" xLength="1" yLength="1" zLength="1" centerX="0" centerY="0" centerZ="-2" texture="Floor" />
</walls>
<floors>
<floor row="0" col="0" xLength="15" yLength="1" zLength="15" centerX="0" centerY="6.576611" centerZ="0" texture="Hedge" />
<floor row="0" col="0" xLength="15" yLength="1" zLength="15" centerX="0" centerY="-1" centerZ="0" texture="Hedge" />
</floors>
<spawns>
<spawn row="0" col="0" xLength="1" zLength="1" centerX="0" centerY="0" centerZ="0" dir="up" />
</spawns>
<exits />
<cubes />
<crests />
</level>